{
    "ADP": 0.6035881407333333,
    "ATP": 0.20343332546666668,
    "CA": 0.5304226666666666,
    "CIT": 0.05,
    "CLA": 0.6795265033333333,
    "CO": 0.05,
    "CU": 0.662588207,
    "FAD": 0.3321023309,
    "FE": 0.3412337916666666,
    "GDP": 0.05,
    "GTP": 0.7143208200000001,
    "HEC": 0.6477865116666667,
    "HEM": 0.159545681,
    "K": 0.95,
    "MG": 0.5747895866666667,
    "MN": 0.3713614566666667,
    "NA": 0.05,
    "NAD": 0.2561383215,
    "NAP": 0.05,
    "NDP": 0.05,
    "ZN": 0.3615543866666666
}