id,label,cluster,fold_unit,shared_site,mg_within_4A,metal_within_4A,outside_pretraining,stratum_all,stratum_metal_concordant,stratum_with_metal,stratum_metal_free,stratum_held_out,pdb_entry,method,resolution,deposited
5zlp_1.pdb_5zlp_1_ATP_CA.pdb,1,5zlp_1.pdb_5zlp_1_ATP_W.pdb,5zlp_1.pdb_5zlp_1_ATP_W.pdb,J_41;J_43;J_58;J_59;J_60;J_74;K_134;K_135;K_136;K_137;K_138;K_139;K_141;K_190;K_216;K_218;K_219;K_221;K_223;K_230;K_231;K_232;K_233;K_234;K_235;K_236;K_279;K_280;K_281;K_282;K_283;K_284;K_285;K_290;K_292;K_349;K_354;K_355;K_356;K_357;K_358;K_360;K_361;K_362;K_363;K_364;K_365;K_366;K_367;K_369,False,False,False,True,False,False,False,False,5zlp,X-ray,2.93,2018
5zlp_1.pdb_5zlp_1_ADP_AA.pdb,0,5zlp_1.pdb_5zlp_1_ATP_W.pdb,5zlp_1.pdb_5zlp_1_ATP_W.pdb,I_41;I_43;I_58;I_59;I_60;I_74;J_134;J_135;J_136;J_137;J_138;J_139;J_141;J_190;J_216;J_218;J_219;J_221;J_223;J_230;J_231;J_232;J_233;J_234;J_235;J_236;J_279;J_280;J_281;J_282;J_283;J_284;J_285;J_290;J_292;J_349;J_354;J_355;J_356;J_357;J_358;J_360;J_361;J_362;J_363;J_364;J_365;J_366;J_367;J_369,True,True,False,True,False,False,False,False,5zlp,X-ray,2.93,2018
5zlp_1.pdb_5zlp_1_ADP_P.pdb,0,5zlp_1.pdb_5zlp_1_ATP_W.pdb,5zlp_1.pdb_5zlp_1_ATP_W.pdb,C_41;C_43;C_58;C_59;C_60;C_74;D_134;D_135;D_136;D_137;D_138;D_139;D_141;D_190;D_216;D_218;D_219;D_221;D_223;D_230;D_231;D_232;D_233;D_234;D_235;D_236;D_279;D_280;D_281;D_282;D_283;D_284;D_285;D_290;D_292;D_349;D_354;D_356;D_357;D_358;D_360;D_361;D_362;D_363;D_364;D_365;D_366;D_367;D_369,False,False,False,True,True,False,True,False,5zlp,X-ray,2.93,2018
5zlp_1.pdb_5zlp_1_ADP_S.pdb,0,5zlp_1.pdb_5zlp_1_ATP_W.pdb,5zlp_1.pdb_5zlp_1_ATP_W.pdb,G_134;G_135;G_136;G_137;G_138;G_139;G_141;G_190;G_216;G_218;G_219;G_221;G_223;G_230;G_231;G_232;G_233;G_234;G_235;G_236;G_279;G_280;G_281;G_282;G_283;G_284;G_285;G_290;G_292;G_349;G_354;G_356;G_357;G_358;G_360;G_361;G_362;G_363;G_364;G_365;G_366;G_367;G_369;K_41;K_43;K_58;K_59;K_60;K_74,False,False,False,True,True,False,True,False,5zlp,X-ray,2.93,2018
5zlp_1.pdb_5zlp_1_ATP_W.pdb,1,5zlp_1.pdb_5zlp_1_ATP_W.pdb,5zlp_1.pdb_5zlp_1_ATP_W.pdb,H_41;H_43;H_58;H_59;H_60;H_74;I_134;I_135;I_136;I_137;I_138;I_139;I_141;I_190;I_216;I_218;I_219;I_221;I_223;I_230;I_231;I_232;I_233;I_234;I_235;I_236;I_279;I_280;I_281;I_282;I_283;I_284;I_285;I_290;I_349;I_354;I_355;I_356;I_357;I_358;I_360;I_361;I_362;I_363;I_364;I_365;I_366;I_367;I_369,False,False,False,True,False,False,False,False,5zlp,X-ray,2.93,2018
7dg0_1.pdb_7dg0_1_ATP_C.pdb,1,7dg0_1.pdb_7dg0_1_ATP_C.pdb,7dg0_1.pdb_7dg0_1_ATP_C.pdb,A_103;A_104;A_106;A_108;A_109;A_110;A_111;A_112;A_113;A_114;A_115;A_116;A_125;A_126;A_127;A_128;A_129;A_130;A_131;A_132;A_138;A_139;A_140;A_141;A_142;A_143;A_144;A_145;A_146;A_147;A_148;A_149;A_150;A_158;A_160;A_161;A_162;A_163;A_164;A_69;A_70;A_71;A_72;A_73;A_74;A_84;A_85;A_86;A_87,False,False,False,True,True,False,True,False,7dg0,X-ray,1.9,2020
7dg0_1.pdb_7dg0_1_ADP_D.pdb,0,7dg0_1.pdb_7dg0_1_ATP_C.pdb,7dg0_1.pdb_7dg0_1_ATP_C.pdb,B_103;B_104;B_106;B_108;B_109;B_110;B_111;B_112;B_113;B_114;B_115;B_116;B_125;B_126;B_127;B_128;B_129;B_130;B_131;B_132;B_138;B_139;B_140;B_141;B_142;B_143;B_144;B_145;B_146;B_147;B_148;B_149;B_150;B_158;B_160;B_161;B_162;B_163;B_164;B_69;B_70;B_71;B_72;B_73;B_74;B_84;B_85;B_86;B_87,False,False,False,True,True,False,True,False,7dg0,X-ray,1.9,2020
2b6f_1.pdb_2b6f_1_ATP_C.pdb,1,1xw4_1.pdb_1xw4_1_ADP_B.pdb,1xw4_1.pdb_1xw4_1_ADP_B.pdb,A_100;A_101;A_102;A_103;A_104;A_105;A_106;A_108;A_113;A_114;A_115;A_116;A_128;A_49;A_51;A_53;A_54;A_55;A_56;A_57;A_58;A_59;A_60;A_61;A_62;A_63;A_64;A_65;A_66;A_67;A_68;A_69;A_70;A_71;A_72;A_73;A_74;A_75;A_76;A_77;A_78;A_79;A_80;A_81;A_95;A_96;A_97;A_98,True,True,False,True,False,False,False,False,2b6f,NMR,,2005
1xw4_1.pdb_1xw4_1_ADP_B.pdb,0,1xw4_1.pdb_1xw4_1_ADP_B.pdb,1xw4_1.pdb_1xw4_1_ADP_B.pdb,A_100;A_101;A_102;A_103;A_104;A_105;A_106;A_108;A_113;A_114;A_115;A_116;A_128;A_49;A_51;A_53;A_54;A_55;A_56;A_57;A_58;A_59;A_60;A_61;A_62;A_63;A_64;A_65;A_66;A_67;A_68;A_69;A_70;A_71;A_72;A_73;A_74;A_75;A_76;A_77;A_78;A_79;A_80;A_81;A_95;A_96;A_97;A_98,False,False,False,True,False,False,False,False,1xw4,X-ray,2.0,2004
5zlp_1.pdb_5zlp_1_ADP_DA.pdb,0,5zlp_1.pdb_5zlp_1_ATP_W.pdb,5zlp_1.pdb_5zlp_1_ATP_W.pdb,G_41;G_43;G_58;G_59;G_60;G_74;L_134;L_135;L_136;L_137;L_138;L_139;L_190;L_216;L_218;L_219;L_221;L_223;L_230;L_231;L_232;L_233;L_234;L_235;L_236;L_279;L_280;L_281;L_282;L_283;L_284;L_285;L_290;L_292;L_349;L_354;L_356;L_357;L_358;L_360;L_361;L_362;L_363;L_364;L_365;L_366;L_367;L_369,False,False,False,True,True,False,True,False,5zlp,X-ray,2.93,2018
5zlp_1.pdb_5zlp_1_ADP_T.pdb,0,5zlp_1.pdb_5zlp_1_ATP_W.pdb,5zlp_1.pdb_5zlp_1_ATP_W.pdb,H_134;H_135;H_136;H_137;H_138;H_139;H_190;H_216;H_218;H_219;H_221;H_230;H_231;H_232;H_233;H_234;H_235;H_236;H_279;H_280;H_281;H_282;H_283;H_284;H_285;H_290;H_292;H_349;H_354;H_355;H_356;H_357;H_358;H_360;H_361;H_362;H_363;H_364;H_365;H_366;H_367;H_369;L_41;L_43;L_58;L_59;L_60;L_74,False,False,False,True,True,False,True,False,5zlp,X-ray,2.93,2018
5zlp_1.pdb_5zlp_1_ATP_N.pdb,1,5zlp_1.pdb_5zlp_1_ATP_W.pdb,5zlp_1.pdb_5zlp_1_ATP_W.pdb,A_43;A_58;A_59;A_60;A_74;B_134;B_135;B_136;B_137;B_138;B_139;B_141;B_190;B_216;B_218;B_219;B_221;B_223;B_230;B_231;B_232;B_233;B_234;B_235;B_236;B_279;B_280;B_281;B_282;B_283;B_284;B_285;B_290;B_349;B_354;B_355;B_356;B_357;B_358;B_360;B_361;B_362;B_363;B_364;B_365;B_366;B_367;B_369,False,False,False,True,False,False,False,False,5zlp,X-ray,2.93,2018
7svu_1.pdb_7svu_1_ATP_TA.pdb,1,7m9c_1.pdb_7m9c_1_ADP_T.pdb,7m9c_1.pdb_7m9c_1_ADP_T.pdb,J_158;J_162;J_185;J_188;J_189;K_144;K_145;K_148;K_171;K_172;K_173;K_196;K_211;K_215;K_240;K_241;K_242;K_243;K_244;K_245;K_246;K_249;K_30;K_31;K_32;K_33;K_34;K_35;K_36;K_37;K_38;K_39;K_59;K_60;K_61;K_62;K_63;K_64;K_65;K_66;K_67;K_68;K_69;K_70;K_71;K_72;K_93;K_95,True,True,False,True,False,False,False,False,7svu,cryo-EM,3.5,2021
7m9a_1.pdb_7m9a_1_ADP_W.pdb,0,7m9c_1.pdb_7m9c_1_ADP_T.pdb,7m9c_1.pdb_7m9c_1_ADP_T.pdb,J_158;J_162;J_185;J_188;J_189;K_144;K_145;K_148;K_171;K_172;K_173;K_196;K_211;K_215;K_240;K_241;K_242;K_243;K_244;K_245;K_246;K_249;K_30;K_31;K_32;K_33;K_34;K_35;K_36;K_37;K_38;K_39;K_59;K_60;K_61;K_62;K_63;K_64;K_65;K_66;K_67;K_68;K_69;K_70;K_71;K_72;K_93;K_95,False,False,True,True,False,False,False,False,7m9a,cryo-EM,3.9,2021
7m9c_1.pdb_7m9c_1_ADP_Y.pdb,0,7m9c_1.pdb_7m9c_1_ADP_T.pdb,7m9c_1.pdb_7m9c_1_ADP_T.pdb,J_158;J_162;J_185;J_188;J_189;K_144;K_145;K_148;K_171;K_172;K_173;K_196;K_211;K_215;K_240;K_241;K_242;K_243;K_244;K_245;K_246;K_249;K_30;K_31;K_32;K_33;K_34;K_35;K_36;K_37;K_38;K_39;K_59;K_60;K_61;K_62;K_63;K_64;K_65;K_66;K_67;K_68;K_69;K_70;K_71;K_72;K_93;K_95,False,False,True,True,False,False,False,False,7m9c,cryo-EM,4.2,2021
5zlp_1.pdb_5zlp_1_ADP_Q.pdb,0,5zlp_1.pdb_5zlp_1_ATP_W.pdb,5zlp_1.pdb_5zlp_1_ATP_W.pdb,D_43;D_52;D_58;D_59;D_60;D_74;E_134;E_135;E_136;E_137;E_138;E_139;E_190;E_216;E_218;E_219;E_221;E_230;E_231;E_232;E_233;E_234;E_235;E_236;E_279;E_280;E_281;E_282;E_283;E_284;E_285;E_290;E_349;E_354;E_355;E_356;E_357;E_358;E_360;E_361;E_362;E_363;E_364;E_365;E_366;E_367;E_369,False,False,False,True,True,False,True,False,5zlp,X-ray,2.93,2018
5zlp_1.pdb_5zlp_1_ATP_O.pdb,1,5zlp_1.pdb_5zlp_1_ATP_W.pdb,5zlp_1.pdb_5zlp_1_ATP_W.pdb,B_41;B_43;B_58;B_59;B_60;B_74;C_134;C_135;C_136;C_137;C_138;C_139;C_141;C_190;C_216;C_218;C_219;C_221;C_223;C_230;C_231;C_232;C_233;C_234;C_235;C_236;C_279;C_280;C_281;C_282;C_283;C_284;C_285;C_290;C_349;C_354;C_356;C_357;C_358;C_361;C_362;C_363;C_364;C_365;C_366;C_367;C_369,False,False,False,True,False,False,False,False,5zlp,X-ray,2.93,2018
6mdn_1.pdb_6mdn_1_ATP_S.pdb,1,6mdn_1.pdb_6mdn_1_ATP_V.pdb,6mdn_1.pdb_6mdn_1_ATP_V.pdb,C_251;C_337;C_355;C_356;C_359;C_381;C_382;C_383;C_385;C_386;C_387;C_388;D_219;D_220;D_221;D_222;D_223;D_258;D_260;D_261;D_262;D_263;D_264;D_265;D_266;D_267;D_268;D_269;D_271;D_329;D_372;D_373;D_374;D_395;D_398;D_405;D_406;D_407;D_409;D_410;D_437;D_438;D_439;D_440;D_441;D_442;D_443,False,False,False,True,True,False,True,False,6mdn,cryo-EM,4.4,2018
6mdn_1.pdb_6mdn_1_ADP_U.pdb,0,6mdn_1.pdb_6mdn_1_ATP_V.pdb,6mdn_1.pdb_6mdn_1_ATP_V.pdb,D_251;D_337;D_355;D_356;D_359;D_381;D_382;D_383;D_385;D_386;D_387;D_388;E_219;E_220;E_221;E_222;E_223;E_258;E_260;E_261;E_262;E_263;E_264;E_265;E_266;E_267;E_268;E_269;E_271;E_329;E_372;E_373;E_374;E_395;E_398;E_405;E_406;E_407;E_409;E_410;E_437;E_438;E_439;E_440;E_441;E_442;E_443,False,False,False,True,True,False,True,False,6mdn,cryo-EM,4.4,2018
7svu_1.pdb_7svu_1_ATP_BA.pdb,1,7m9c_1.pdb_7m9c_1_ADP_T.pdb,7m9c_1.pdb_7m9c_1_ADP_T.pdb,A_158;A_162;A_185;A_188;A_189;B_144;B_145;B_148;B_171;B_172;B_173;B_196;B_211;B_215;B_240;B_241;B_242;B_243;B_244;B_245;B_246;B_249;B_30;B_31;B_32;B_33;B_34;B_35;B_36;B_38;B_39;B_59;B_60;B_61;B_62;B_63;B_64;B_65;B_66;B_67;B_68;B_69;B_70;B_71;B_72;B_93;B_95,True,True,False,True,False,False,False,False,7svu,cryo-EM,3.5,2021
7m9a_1.pdb_7m9a_1_ADP_Q.pdb,0,7m9c_1.pdb_7m9c_1_ADP_T.pdb,7m9c_1.pdb_7m9c_1_ADP_T.pdb,C_158;C_162;C_185;C_188;C_189;D_144;D_145;D_148;D_171;D_172;D_173;D_196;D_211;D_215;D_240;D_241;D_242;D_243;D_244;D_245;D_246;D_249;D_30;D_31;D_32;D_33;D_34;D_35;D_36;D_38;D_39;D_59;D_60;D_61;D_62;D_63;D_64;D_65;D_66;D_67;D_68;D_69;D_70;D_71;D_72;D_93;D_95,False,False,False,True,False,False,False,False,7m9a,cryo-EM,3.9,2021
7svu_1.pdb_7svu_1_ATP_DA.pdb,1,7m9c_1.pdb_7m9c_1_ADP_T.pdb,7m9c_1.pdb_7m9c_1_ADP_T.pdb,B_158;B_162;B_185;B_188;B_189;C_144;C_145;C_148;C_171;C_172;C_173;C_196;C_211;C_215;C_240;C_241;C_242;C_243;C_244;C_245;C_246;C_249;C_30;C_31;C_32;C_33;C_34;C_35;C_36;C_38;C_39;C_59;C_60;C_61;C_62;C_63;C_64;C_65;C_66;C_67;C_68;C_69;C_70;C_71;C_72;C_93;C_95,True,True,False,True,False,False,False,False,7svu,cryo-EM,3.5,2021
7m9c_1.pdb_7m9c_1_ADP_S.pdb,0,7m9c_1.pdb_7m9c_1_ADP_T.pdb,7m9c_1.pdb_7m9c_1_ADP_T.pdb,C_158;C_162;C_185;C_188;C_189;D_144;D_145;D_148;D_171;D_172;D_173;D_196;D_211;D_215;D_240;D_241;D_242;D_243;D_244;D_245;D_246;D_249;D_30;D_31;D_32;D_33;D_34;D_35;D_36;D_38;D_39;D_59;D_60;D_61;D_62;D_63;D_64;D_65;D_66;D_67;D_68;D_69;D_70;D_71;D_72;D_93;D_95,False,False,False,True,False,False,False,False,7m9c,cryo-EM,4.2,2021
7svu_1.pdb_7svu_1_ATP_FA.pdb,1,7m9c_1.pdb_7m9c_1_ADP_T.pdb,7m9c_1.pdb_7m9c_1_ADP_T.pdb,C_158;C_162;C_185;C_188;C_189;D_144;D_145;D_148;D_171;D_172;D_173;D_196;D_211;D_215;D_240;D_241;D_242;D_243;D_244;D_245;D_246;D_249;D_30;D_31;D_32;D_33;D_34;D_35;D_36;D_38;D_39;D_59;D_60;D_61;D_62;D_63;D_64;D_65;D_66;D_67;D_68;D_69;D_70;D_71;D_72;D_93;D_95,True,True,False,True,False,False,False,False,7svu,cryo-EM,3.5,2021
7m9a_1.pdb_7m9a_1_ADP_U.pdb,0,7m9c_1.pdb_7m9c_1_ADP_T.pdb,7m9c_1.pdb_7m9c_1_ADP_T.pdb,H_158;H_162;H_185;H_188;H_189;I_144;I_145;I_148;I_171;I_172;I_173;I_196;I_211;I_215;I_240;I_241;I_242;I_243;I_244;I_245;I_246;I_249;I_30;I_31;I_32;I_33;I_34;I_35;I_36;I_38;I_39;I_59;I_60;I_61;I_62;I_63;I_64;I_65;I_66;I_67;I_68;I_69;I_70;I_71;I_72;I_93;I_95,False,False,False,True,False,False,False,False,7m9a,cryo-EM,3.9,2021
7svu_1.pdb_7svu_1_ATP_HA.pdb,1,7m9c_1.pdb_7m9c_1_ADP_T.pdb,7m9c_1.pdb_7m9c_1_ADP_T.pdb,D_158;D_162;D_185;D_188;D_189;E_144;E_145;E_148;E_171;E_172;E_173;E_196;E_211;E_215;E_240;E_241;E_242;E_243;E_244;E_245;E_246;E_249;E_30;E_31;E_32;E_33;E_34;E_35;E_36;E_38;E_39;E_59;E_60;E_61;E_62;E_63;E_64;E_65;E_66;E_67;E_68;E_69;E_70;E_71;E_72;E_93;E_95,True,True,False,True,False,False,False,False,7svu,cryo-EM,3.5,2021
7m9c_1.pdb_7m9c_1_ADP_W.pdb,0,7m9c_1.pdb_7m9c_1_ADP_T.pdb,7m9c_1.pdb_7m9c_1_ADP_T.pdb,H_158;H_162;H_185;H_188;H_189;I_144;I_145;I_148;I_171;I_172;I_173;I_196;I_211;I_215;I_240;I_241;I_242;I_243;I_244;I_245;I_246;I_249;I_30;I_31;I_32;I_33;I_34;I_35;I_36;I_38;I_39;I_59;I_60;I_61;I_62;I_63;I_64;I_65;I_66;I_67;I_68;I_69;I_70;I_71;I_72;I_93;I_95,False,False,False,True,False,False,False,False,7m9c,cryo-EM,4.2,2021
7svu_1.pdb_7svu_1_ATP_JA.pdb,1,7m9c_1.pdb_7m9c_1_ADP_T.pdb,7m9c_1.pdb_7m9c_1_ADP_T.pdb,E_158;E_162;E_185;E_188;E_189;F_144;F_145;F_148;F_171;F_172;F_173;F_196;F_211;F_215;F_240;F_241;F_242;F_243;F_244;F_245;F_246;F_249;F_30;F_31;F_32;F_33;F_34;F_35;F_36;F_38;F_39;F_59;F_60;F_61;F_62;F_63;F_64;F_65;F_66;F_67;F_68;F_69;F_70;F_71;F_72;F_93;F_95,True,True,False,True,False,False,False,False,7svu,cryo-EM,3.5,2021
7svu_1.pdb_7svu_1_ATP_LA.pdb,1,7m9c_1.pdb_7m9c_1_ADP_T.pdb,7m9c_1.pdb_7m9c_1_ADP_T.pdb,F_158;F_162;F_185;F_188;F_189;F_54;G_144;G_145;G_171;G_172;G_173;G_196;G_211;G_215;G_240;G_241;G_242;G_243;G_244;G_245;G_246;G_249;G_30;G_31;G_32;G_33;G_34;G_35;G_36;G_37;G_38;G_39;G_60;G_61;G_62;G_63;G_64;G_65;G_66;G_67;G_68;G_69;G_70;G_71;G_72;G_93;G_95,True,True,True,True,False,False,False,False,7svu,cryo-EM,3.5,2021
7m9a_1.pdb_7m9a_1_ADP_P.pdb,0,7m9c_1.pdb_7m9c_1_ADP_T.pdb,7m9c_1.pdb_7m9c_1_ADP_T.pdb,B_158;B_162;B_185;B_188;B_189;B_54;C_144;C_145;C_171;C_172;C_173;C_196;C_211;C_215;C_240;C_241;C_242;C_243;C_244;C_245;C_246;C_249;C_30;C_31;C_32;C_33;C_34;C_35;C_36;C_37;C_38;C_39;C_60;C_61;C_62;C_63;C_64;C_65;C_66;C_67;C_68;C_69;C_70;C_71;C_72;C_93;C_95,False,False,False,True,False,False,False,False,7m9a,cryo-EM,3.9,2021
7m9c_1.pdb_7m9c_1_ADP_T.pdb,0,7m9c_1.pdb_7m9c_1_ADP_T.pdb,7m9c_1.pdb_7m9c_1_ADP_T.pdb,D_158;D_162;D_185;D_188;D_189;E_144;E_145;E_148;E_171;E_172;E_173;E_196;E_211;E_215;E_240;E_241;E_242;E_243;E_244;E_245;E_246;E_249;E_30;E_31;E_32;E_33;E_34;E_35;E_36;E_37;E_38;E_39;E_60;E_61;E_62;E_63;E_64;E_65;E_66;E_67;E_68;E_69;E_70;E_71;E_72;E_93;E_95,False,False,False,True,False,False,False,False,7m9c,cryo-EM,4.2,2021
7z18_1.pdb_7z18_1_ATP_Q.pdb,1,7z15_1.pdb_7z15_1_ADP_S.pdb,7z15_1.pdb_7z15_1_ADP_S.pdb,I_13;I_14;I_15;I_16;I_170;I_171;I_18;I_19;I_20;I_202;I_204;I_21;I_219;I_222;I_36;I_37;I_38;I_39;I_40;I_41;I_42;I_43;I_44;I_45;I_46;I_47;I_48;I_49;I_90;J_134;J_135;J_138;J_141;J_142;J_143;J_144;J_145;J_146;J_147;J_148;J_149;J_150;J_151;J_153;J_175;J_176;J_177,True,True,False,True,True,True,False,False,7z18,cryo-EM,1.98,2022
7z15_1.pdb_7z15_1_ADP_S.pdb,0,7z15_1.pdb_7z15_1_ADP_S.pdb,7z15_1.pdb_7z15_1_ADP_S.pdb,I_13;I_14;I_15;I_16;I_170;I_171;I_18;I_19;I_20;I_202;I_204;I_21;I_219;I_222;I_36;I_37;I_38;I_39;I_40;I_41;I_42;I_43;I_44;I_45;I_46;I_47;I_48;I_49;I_90;J_134;J_135;J_138;J_141;J_142;J_143;J_144;J_145;J_146;J_147;J_148;J_149;J_150;J_151;J_153;J_175;J_176;J_177,True,True,False,True,True,True,False,False,7z15,cryo-EM,1.93,2022
7z15_1.pdb_7z15_1_ADP_V.pdb,0,7z15_1.pdb_7z15_1_ADP_S.pdb,7z15_1.pdb_7z15_1_ADP_S.pdb,I_134;I_135;I_138;I_141;I_142;I_143;I_144;I_145;I_146;I_147;I_148;I_149;I_150;I_151;I_153;I_175;I_176;I_177;J_13;J_14;J_15;J_16;J_170;J_171;J_18;J_19;J_20;J_202;J_204;J_21;J_219;J_222;J_36;J_37;J_38;J_39;J_40;J_41;J_42;J_43;J_44;J_45;J_46;J_47;J_48;J_49;J_90,True,True,False,True,True,True,False,False,7z15,cryo-EM,1.93,2022
7z18_1.pdb_7z18_1_ATP_S.pdb,1,7z15_1.pdb_7z15_1_ADP_S.pdb,7z15_1.pdb_7z15_1_ADP_S.pdb,I_134;I_135;I_138;I_141;I_142;I_143;I_144;I_145;I_146;I_147;I_148;I_149;I_150;I_151;I_153;I_175;I_176;I_177;J_13;J_14;J_15;J_16;J_170;J_171;J_18;J_19;J_20;J_202;J_204;J_21;J_219;J_222;J_36;J_37;J_38;J_39;J_40;J_41;J_42;J_43;J_44;J_45;J_46;J_47;J_48;J_49;J_90,True,True,False,True,True,True,False,False,7z18,cryo-EM,1.98,2022
8bmt_1.pdb_8bmt_1_ATP_CB.pdb,1,8bmt_1.pdb_8bmt_1_ATP_CB.pdb,8bmt_1.pdb_8bmt_1_ATP_CB.pdb,Q_150;Q_151;Q_152;Q_153;Q_154;Q_27;Q_30;Q_31;Q_32;Q_33;Q_34;Q_35;Q_398;Q_413;Q_414;Q_415;Q_416;Q_417;Q_450;Q_451;Q_454;Q_478;Q_479;Q_480;Q_481;Q_482;Q_488;Q_491;Q_493;Q_494;Q_495;Q_499;Q_500;Q_503;Q_51;Q_52;Q_53;Q_54;Q_86;Q_87;Q_88;Q_89;Q_90;Q_91;Q_92;Q_93;Q_94,True,True,True,True,True,True,False,True,8bmt,not recorded,,2022
1svt_1.pdb_1svt_1_ADP_BA.pdb,0,8bmt_1.pdb_8bmt_1_ATP_CB.pdb,8bmt_1.pdb_8bmt_1_ATP_CB.pdb,B_150;B_151;B_152;B_153;B_154;B_27;B_30;B_31;B_32;B_33;B_34;B_35;B_398;B_413;B_414;B_415;B_416;B_417;B_450;B_451;B_454;B_478;B_479;B_480;B_481;B_482;B_488;B_491;B_493;B_494;B_495;B_499;B_500;B_503;B_51;B_52;B_53;B_54;B_86;B_87;B_88;B_89;B_90;B_91;B_92;B_93;B_94,True,True,True,True,True,True,False,True,1svt,X-ray,2.81,2004
1svt_1.pdb_1svt_1_ADP_JA.pdb,0,8bmt_1.pdb_8bmt_1_ATP_CB.pdb,8bmt_1.pdb_8bmt_1_ATP_CB.pdb,D_150;D_151;D_152;D_153;D_154;D_27;D_30;D_31;D_32;D_33;D_34;D_35;D_398;D_413;D_414;D_415;D_416;D_417;D_450;D_451;D_454;D_478;D_479;D_480;D_481;D_482;D_488;D_491;D_493;D_494;D_495;D_499;D_500;D_503;D_51;D_52;D_53;D_54;D_86;D_87;D_88;D_89;D_90;D_91;D_92;D_93;D_94,True,True,True,True,True,True,False,True,1svt,X-ray,2.81,2004
1svt_1.pdb_1svt_1_ADP_RA.pdb,0,8bmt_1.pdb_8bmt_1_ATP_CB.pdb,8bmt_1.pdb_8bmt_1_ATP_CB.pdb,F_150;F_151;F_152;F_153;F_154;F_27;F_30;F_31;F_32;F_33;F_34;F_35;F_398;F_413;F_414;F_415;F_416;F_417;F_450;F_451;F_454;F_478;F_479;F_480;F_481;F_482;F_488;F_491;F_493;F_494;F_495;F_499;F_500;F_503;F_51;F_52;F_53;F_54;F_86;F_87;F_88;F_89;F_90;F_91;F_92;F_93;F_94,True,True,True,True,True,True,False,True,1svt,X-ray,2.81,2004
1svt_1.pdb_1svt_1_ADP_VA.pdb,0,8bmt_1.pdb_8bmt_1_ATP_CB.pdb,8bmt_1.pdb_8bmt_1_ATP_CB.pdb,G_149;G_150;G_151;G_152;G_153;G_154;G_27;G_30;G_31;G_32;G_33;G_34;G_35;G_398;G_413;G_414;G_415;G_416;G_417;G_450;G_451;G_454;G_478;G_479;G_480;G_481;G_482;G_488;G_493;G_494;G_495;G_499;G_500;G_503;G_51;G_52;G_53;G_54;G_86;G_87;G_88;G_89;G_90;G_91;G_92;G_93;G_94,True,True,True,True,True,True,False,True,1svt,X-ray,2.81,2004
8bmt_1.pdb_8bmt_1_ATP_HA.pdb,1,8bmt_1.pdb_8bmt_1_ATP_CB.pdb,8bmt_1.pdb_8bmt_1_ATP_CB.pdb,C_150;C_151;C_152;C_153;C_154;C_27;C_30;C_31;C_32;C_33;C_34;C_35;C_398;C_413;C_414;C_415;C_416;C_417;C_450;C_451;C_454;C_478;C_479;C_480;C_481;C_482;C_488;C_491;C_493;C_494;C_495;C_499;C_500;C_503;C_51;C_52;C_53;C_54;C_86;C_87;C_88;C_89;C_90;C_91;C_92;C_93;C_94,True,True,False,True,True,True,False,False,8bmt,not recorded,,2022
1svt_1.pdb_1svt_1_ADP_NA.pdb,0,8bmt_1.pdb_8bmt_1_ATP_CB.pdb,8bmt_1.pdb_8bmt_1_ATP_CB.pdb,E_150;E_151;E_152;E_153;E_154;E_27;E_30;E_31;E_32;E_33;E_34;E_35;E_398;E_413;E_414;E_415;E_416;E_417;E_450;E_451;E_454;E_478;E_479;E_480;E_481;E_482;E_488;E_491;E_493;E_494;E_495;E_499;E_500;E_503;E_51;E_52;E_53;E_54;E_86;E_87;E_88;E_89;E_90;E_91;E_92;E_93;E_94,True,True,True,True,True,True,False,False,1svt,X-ray,2.81,2004
8bmt_1.pdb_8bmt_1_ATP_IB.pdb,1,8bmt_1.pdb_8bmt_1_ATP_CB.pdb,8bmt_1.pdb_8bmt_1_ATP_CB.pdb,U_150;U_151;U_152;U_153;U_154;U_27;U_30;U_31;U_32;U_33;U_34;U_35;U_398;U_413;U_414;U_415;U_416;U_417;U_450;U_451;U_454;U_478;U_479;U_480;U_481;U_482;U_488;U_491;U_493;U_494;U_495;U_499;U_500;U_503;U_51;U_52;U_53;U_54;U_86;U_87;U_88;U_89;U_90;U_91;U_92;U_93;U_94,True,True,True,True,True,True,False,True,8bmt,not recorded,,2022
8bmt_1.pdb_8bmt_1_ATP_KA.pdb,1,8bmt_1.pdb_8bmt_1_ATP_CB.pdb,8bmt_1.pdb_8bmt_1_ATP_CB.pdb,E_150;E_151;E_152;E_153;E_154;E_27;E_30;E_31;E_32;E_33;E_34;E_35;E_398;E_413;E_414;E_415;E_416;E_417;E_450;E_451;E_454;E_478;E_479;E_480;E_481;E_482;E_488;E_491;E_493;E_494;E_495;E_499;E_500;E_503;E_51;E_52;E_53;E_54;E_86;E_87;E_88;E_89;E_90;E_91;E_92;E_93;E_94,True,True,False,True,True,True,False,False,8bmt,not recorded,,2022
8bmt_1.pdb_8bmt_1_ATP_LB.pdb,1,8bmt_1.pdb_8bmt_1_ATP_CB.pdb,8bmt_1.pdb_8bmt_1_ATP_CB.pdb,W_150;W_151;W_152;W_153;W_154;W_27;W_30;W_31;W_32;W_33;W_34;W_35;W_398;W_413;W_414;W_415;W_416;W_417;W_450;W_451;W_454;W_478;W_479;W_480;W_481;W_482;W_488;W_491;W_493;W_494;W_495;W_499;W_500;W_503;W_51;W_52;W_53;W_54;W_86;W_87;W_88;W_89;W_90;W_91;W_92;W_93;W_94,True,True,True,True,True,True,False,True,8bmt,not recorded,,2022
8bmt_1.pdb_8bmt_1_ATP_NA.pdb,1,8bmt_1.pdb_8bmt_1_ATP_CB.pdb,8bmt_1.pdb_8bmt_1_ATP_CB.pdb,G_150;G_151;G_152;G_153;G_154;G_27;G_30;G_31;G_32;G_33;G_34;G_35;G_398;G_413;G_414;G_415;G_416;G_417;G_450;G_451;G_454;G_478;G_479;G_480;G_481;G_482;G_488;G_491;G_493;G_494;G_495;G_499;G_500;G_503;G_51;G_52;G_53;G_54;G_86;G_87;G_88;G_89;G_90;G_91;G_92;G_93;G_94,True,True,True,True,True,True,False,True,8bmt,not recorded,,2022
8bmt_1.pdb_8bmt_1_ATP_QA.pdb,1,8bmt_1.pdb_8bmt_1_ATP_CB.pdb,8bmt_1.pdb_8bmt_1_ATP_CB.pdb,I_150;I_151;I_152;I_153;I_154;I_27;I_30;I_31;I_32;I_33;I_34;I_35;I_398;I_413;I_414;I_415;I_416;I_417;I_450;I_451;I_454;I_478;I_479;I_480;I_481;I_482;I_488;I_491;I_493;I_494;I_495;I_499;I_500;I_503;I_51;I_52;I_53;I_54;I_86;I_87;I_88;I_89;I_90;I_91;I_92;I_93;I_94,True,True,False,True,True,True,False,False,8bmt,not recorded,,2022
8bmt_1.pdb_8bmt_1_ATP_RB.pdb,1,8bmt_1.pdb_8bmt_1_ATP_CB.pdb,8bmt_1.pdb_8bmt_1_ATP_CB.pdb,a_150;a_151;a_152;a_153;a_154;a_27;a_30;a_31;a_32;a_33;a_34;a_35;a_398;a_413;a_414;a_415;a_416;a_417;a_450;a_451;a_454;a_478;a_479;a_480;a_481;a_482;a_488;a_491;a_493;a_494;a_495;a_499;a_500;a_503;a_51;a_52;a_53;a_54;a_86;a_87;a_88;a_89;a_90;a_91;a_92;a_93;a_94,True,True,True,True,True,True,False,True,8bmt,not recorded,,2022
8bmt_1.pdb_8bmt_1_ATP_TA.pdb,1,8bmt_1.pdb_8bmt_1_ATP_CB.pdb,8bmt_1.pdb_8bmt_1_ATP_CB.pdb,K_150;K_151;K_152;K_153;K_154;K_27;K_30;K_31;K_32;K_33;K_34;K_35;K_398;K_413;K_414;K_415;K_416;K_417;K_450;K_451;K_454;K_478;K_479;K_480;K_481;K_482;K_488;K_491;K_493;K_494;K_495;K_499;K_500;K_503;K_51;K_52;K_53;K_54;K_86;K_87;K_88;K_89;K_90;K_91;K_92;K_93;K_94,True,True,True,True,True,True,False,True,8bmt,not recorded,,2022
8bmt_1.pdb_8bmt_1_ATP_WA.pdb,1,8bmt_1.pdb_8bmt_1_ATP_CB.pdb,8bmt_1.pdb_8bmt_1_ATP_CB.pdb,M_150;M_151;M_152;M_153;M_154;M_27;M_30;M_31;M_32;M_33;M_34;M_35;M_398;M_413;M_414;M_415;M_416;M_417;M_450;M_451;M_454;M_478;M_479;M_480;M_481;M_482;M_488;M_491;M_493;M_494;M_495;M_499;M_500;M_503;M_51;M_52;M_53;M_54;M_86;M_87;M_88;M_89;M_90;M_91;M_92;M_93;M_94,True,True,True,True,True,True,False,True,8bmt,not recorded,,2022
8bmt_1.pdb_8bmt_1_ATP_ZA.pdb,1,8bmt_1.pdb_8bmt_1_ATP_CB.pdb,8bmt_1.pdb_8bmt_1_ATP_CB.pdb,O_149;O_150;O_151;O_152;O_153;O_154;O_27;O_30;O_31;O_32;O_33;O_34;O_35;O_398;O_413;O_414;O_415;O_416;O_417;O_450;O_451;O_454;O_478;O_479;O_480;O_481;O_482;O_488;O_493;O_494;O_495;O_499;O_500;O_503;O_51;O_52;O_53;O_54;O_86;O_87;O_88;O_89;O_90;O_91;O_92;O_93;O_94,True,True,False,True,True,True,False,False,8bmt,not recorded,,2022
8gft_1.pdb_8gft_1_ATP_J.pdb,1,8gft_1.pdb_8gft_1_ATP_J.pdb,8gft_1.pdb_8gft_1_ATP_J.pdb,B_101;B_102;B_103;B_105;B_107;B_108;B_109;B_110;B_111;B_112;B_113;B_126;B_127;B_128;B_129;B_130;B_131;B_132;B_133;B_134;B_135;B_136;B_146;B_147;B_148;B_179;B_180;B_181;B_182;B_34;B_392;B_43;B_44;B_46;B_47;B_48;B_49;B_50;B_51;B_52;B_54;B_89;B_91;B_92;B_93;B_94;B_98,True,True,True,True,True,True,False,True,8gft,cryo-EM,3.8,2023
8gft_1.pdb_8gft_1_ADP_F.pdb,0,8gft_1.pdb_8gft_1_ATP_J.pdb,8gft_1.pdb_8gft_1_ATP_J.pdb,A_100;A_101;A_102;A_104;A_106;A_107;A_108;A_109;A_110;A_111;A_112;A_125;A_126;A_127;A_128;A_129;A_130;A_131;A_132;A_133;A_134;A_135;A_145;A_146;A_147;A_178;A_179;A_180;A_181;A_33;A_392;A_42;A_43;A_45;A_46;A_47;A_48;A_49;A_50;A_51;A_53;A_88;A_90;A_91;A_92;A_93;A_97,True,True,True,True,True,True,False,True,8gft,cryo-EM,3.8,2023
8bq2_1.pdb_8bq2_1_ATP_K.pdb,1,8gyk_1.pdb_8gyk_1_ADP_Q.pdb,8gyk_1.pdb_8gyk_1_ADP_Q.pdb,A_125;A_126;A_127;A_128;A_129;A_130;A_131;A_132;A_133;A_134;A_135;A_136;A_137;A_138;A_159;A_161;A_162;A_163;A_164;A_165;A_166;A_167;A_169;A_170;A_173;A_174;A_222;A_223;A_266;A_267;A_268;A_269;A_302;A_303;A_304;A_307;A_308;A_309;A_310;A_327;A_328;A_329;A_330;A_331;A_332;A_333;A_334,False,True,False,True,True,True,False,False,8bq2,cryo-EM,3.8,2022
8gyk_1.pdb_8gyk_1_ADP_O.pdb,0,8gyk_1.pdb_8gyk_1_ADP_Q.pdb,8gyk_1.pdb_8gyk_1_ADP_Q.pdb,D_125;D_126;D_127;D_128;D_129;D_130;D_131;D_132;D_133;D_134;D_135;D_136;D_137;D_138;D_159;D_161;D_162;D_163;D_164;D_165;D_166;D_167;D_169;D_170;D_173;D_174;D_222;D_223;D_266;D_267;D_268;D_269;D_302;D_303;D_304;D_307;D_308;D_309;D_310;D_327;D_328;D_329;D_330;D_331;D_332;D_333;D_334,True,True,False,True,True,True,False,False,8gyk,cryo-EM,3.14,2022
8pbd_1.pdb_8pbd_1_ATP_V.pdb,1,8gyk_1.pdb_8gyk_1_ADP_Q.pdb,8gyk_1.pdb_8gyk_1_ADP_Q.pdb,A_125;A_126;A_127;A_128;A_129;A_130;A_131;A_132;A_133;A_134;A_135;A_136;A_137;A_138;A_159;A_161;A_162;A_163;A_164;A_165;A_166;A_167;A_169;A_170;A_173;A_174;A_222;A_223;A_226;A_266;A_267;A_268;A_269;A_302;A_303;A_304;A_307;A_308;A_310;A_327;A_328;A_329;A_330;A_331;A_332;A_333;A_334,False,True,False,True,True,True,False,False,8pbd,cryo-EM,2.83,2023
8gyk_1.pdb_8gyk_1_ADP_Q.pdb,0,8gyk_1.pdb_8gyk_1_ADP_Q.pdb,8gyk_1.pdb_8gyk_1_ADP_Q.pdb,E_125;E_126;E_127;E_128;E_129;E_130;E_131;E_132;E_133;E_134;E_135;E_136;E_137;E_138;E_159;E_161;E_162;E_163;E_164;E_165;E_166;E_167;E_169;E_170;E_173;E_174;E_222;E_223;E_226;E_266;E_267;E_268;E_269;E_302;E_303;E_304;E_307;E_308;E_310;E_327;E_328;E_329;E_330;E_331;E_332;E_333;E_334,True,True,False,True,True,True,False,False,8gyk,cryo-EM,3.14,2022
3d2e_1.pdb_3d2e_1_ATP_F.pdb,1,3c7n_1.pdb_3c7n_1_ADP_N.pdb,3c7n_1.pdb_3c7n_1_ADP_N.pdb,A_10;A_11;A_12;A_13;A_14;A_15;A_174;A_203;A_204;A_205;A_206;A_207;A_208;A_233;A_234;A_235;A_238;A_272;A_273;A_275;A_276;A_277;A_278;A_279;A_280;A_341;A_342;A_343;A_344;A_345;A_346;A_347;A_348;A_35;A_368;A_369;A_372;A_38;A_69;A_70;A_8;A_9;B_32;B_33;B_34;B_35,True,True,False,True,True,True,False,False,3d2e,X-ray,2.35,2008
3c7n_1.pdb_3c7n_1_ADP_H.pdb,0,3c7n_1.pdb_3c7n_1_ADP_N.pdb,3c7n_1.pdb_3c7n_1_ADP_N.pdb,A_10;A_11;A_12;A_13;A_14;A_15;A_174;A_203;A_204;A_205;A_206;A_207;A_208;A_233;A_234;A_235;A_238;A_272;A_273;A_275;A_276;A_277;A_278;A_279;A_280;A_341;A_342;A_343;A_344;A_345;A_346;A_347;A_348;A_35;A_368;A_369;A_372;A_38;A_69;A_70;A_8;A_9;B_32;B_33;B_34;B_35,True,True,False,True,True,True,False,False,3c7n,X-ray,3.12,2008
3dnt_1.pdb_3dnt_1_ATP_C.pdb,1,3dnt_1.pdb_3dnt_1_ATP_C.pdb,3dnt_1.pdb_3dnt_1_ATP_C.pdb,A_150;A_151;A_152;A_153;A_154;A_155;A_156;A_157;A_177;A_178;A_179;A_181;A_203;A_217;A_218;A_219;A_233;A_234;A_235;A_236;A_237;A_238;A_252;A_253;A_254;A_257;A_266;A_309;A_311;A_312;A_313;A_314;A_315;A_316;A_318;A_328;A_329;A_330;A_331;A_332;A_333;A_334;A_63;A_67;A_98;A_99,True,True,True,True,True,True,False,True,3dnt,X-ray,1.66,2008
3tpt_2.pdb_3tpt_2_ADP_F.pdb,0,3dnt_1.pdb_3dnt_1_ATP_C.pdb,3dnt_1.pdb_3dnt_1_ATP_C.pdb,A_150;A_151;A_152;A_153;A_154;A_155;A_156;A_157;A_177;A_178;A_179;A_181;A_203;A_217;A_218;A_219;A_233;A_234;A_235;A_236;A_237;A_238;A_252;A_253;A_254;A_257;A_266;A_309;A_311;A_312;A_313;A_314;A_315;A_316;A_318;A_328;A_329;A_330;A_331;A_332;A_333;A_334;A_63;A_67;A_98;A_99,True,True,True,True,True,True,False,True,3tpt,X-ray,2.25,2011
1ngh_1.pdb_1ngh_1_ATP_B.pdb,1,3ldl_1.pdb_3ldl_1_ATP_C.pdb,3ldl_1.pdb_3ldl_1_ATP_C.pdb,A_11;A_12;A_13;A_14;A_15;A_16;A_175;A_199;A_200;A_201;A_202;A_203;A_204;A_205;A_206;A_229;A_230;A_231;A_232;A_233;A_234;A_268;A_269;A_271;A_272;A_273;A_274;A_275;A_276;A_302;A_337;A_338;A_339;A_340;A_341;A_342;A_343;A_344;A_365;A_366;A_367;A_369;A_37;A_40;A_56;A_71,False,False,False,True,False,False,False,False,1ngh,X-ray,2.23,1994
3fe1_1.pdb_3fe1_1_ADP_D.pdb,0,3ldl_1.pdb_3ldl_1_ATP_C.pdb,3ldl_1.pdb_3ldl_1_ATP_C.pdb,A_13;A_14;A_15;A_16;A_17;A_177;A_18;A_201;A_202;A_203;A_204;A_205;A_206;A_207;A_208;A_231;A_232;A_233;A_234;A_235;A_236;A_270;A_271;A_273;A_274;A_275;A_276;A_277;A_278;A_304;A_339;A_340;A_341;A_342;A_343;A_344;A_345;A_346;A_367;A_368;A_369;A_371;A_39;A_42;A_58;A_73,True,True,False,True,False,False,False,False,3fe1,X-ray,2.2,2008
6on2_1.pdb_6on2_1_ATP_N.pdb,1,3m6a_1.pdb_3m6a_1_ADP_G.pdb,3m6a_1.pdb_3m6a_1_ADP_G.pdb,D_320;D_321;D_322;D_323;D_324;D_325;D_326;D_327;D_331;D_354;D_356;D_357;D_358;D_359;D_360;D_361;D_362;D_363;D_364;D_365;D_379;D_423;D_424;D_427;D_471;D_472;D_473;D_490;D_493;D_497;D_500;D_501;D_502;D_504;D_505;D_506;D_509;D_510;D_513;D_540;D_541;D_542;D_543;D_545;E_479;E_483,True,True,False,True,False,False,False,False,6on2,cryo-EM,3.0,2019
6on2_1.pdb_6on2_1_ADP_R.pdb,0,3m6a_1.pdb_3m6a_1_ADP_G.pdb,3m6a_1.pdb_3m6a_1_ADP_G.pdb,A_479;A_483;F_320;F_321;F_322;F_323;F_324;F_325;F_326;F_327;F_331;F_354;F_356;F_357;F_358;F_359;F_360;F_361;F_362;F_363;F_364;F_365;F_379;F_423;F_424;F_427;F_471;F_472;F_473;F_490;F_493;F_497;F_500;F_501;F_502;F_504;F_505;F_506;F_509;F_510;F_513;F_540;F_541;F_542;F_543;F_545,False,False,False,True,False,False,False,False,6on2,cryo-EM,3.0,2019
5zlp_1.pdb_5zlp_1_ATP_M.pdb,1,5zlp_1.pdb_5zlp_1_ATP_W.pdb,5zlp_1.pdb_5zlp_1_ATP_W.pdb,A_135;A_136;A_137;A_138;A_139;A_141;A_190;A_216;A_218;A_219;A_221;A_223;A_230;A_231;A_232;A_233;A_234;A_235;A_236;A_279;A_280;A_281;A_282;A_283;A_284;A_285;A_290;A_349;A_354;A_356;A_357;A_358;A_361;A_362;A_363;A_364;A_365;A_366;A_367;A_369;F_41;F_43;F_58;F_59;F_60;F_74,False,False,False,True,False,False,False,False,5zlp,X-ray,2.93,2018
5zlp_1.pdb_5zlp_1_ATP_R.pdb,1,5zlp_1.pdb_5zlp_1_ATP_W.pdb,5zlp_1.pdb_5zlp_1_ATP_W.pdb,E_41;E_43;E_57;E_58;E_59;E_60;E_74;E_75;F_135;F_136;F_137;F_138;F_139;F_190;F_216;F_218;F_219;F_221;F_223;F_230;F_231;F_232;F_233;F_234;F_235;F_236;F_279;F_280;F_281;F_282;F_283;F_284;F_285;F_290;F_349;F_354;F_356;F_357;F_358;F_362;F_363;F_364;F_365;F_366;F_367;F_369,False,False,False,True,True,False,True,False,5zlp,X-ray,2.93,2018
1u5r_2.pdb_1u5r_2_ATP_J.pdb,1,6bdn_1.pdb_6bdn_1_ADP_E.pdb,6bdn_1.pdb_6bdn_1_ADP_E.pdb,A_103;A_104;A_105;A_106;A_107;A_108;A_109;A_110;A_111;A_112;A_113;A_114;A_151;A_153;A_154;A_155;A_156;A_157;A_158;A_159;A_166;A_169;A_170;A_171;A_172;A_185;A_314;A_33;A_34;A_35;A_36;A_37;A_38;A_39;A_40;A_41;A_42;A_43;A_44;A_54;A_55;A_56;A_57;A_59;A_76;A_89,True,True,False,True,True,True,False,False,1u5r,X-ray,2.1,2004
6bdn_1.pdb_6bdn_1_ADP_E.pdb,0,6bdn_1.pdb_6bdn_1_ADP_E.pdb,6bdn_1.pdb_6bdn_1_ADP_E.pdb,A_100;A_101;A_102;A_103;A_104;A_105;A_106;A_107;A_108;A_109;A_110;A_147;A_149;A_150;A_151;A_152;A_153;A_154;A_155;A_162;A_165;A_166;A_167;A_168;A_181;A_29;A_30;A_31;A_310;A_32;A_33;A_34;A_35;A_36;A_37;A_38;A_39;A_40;A_50;A_51;A_52;A_53;A_55;A_72;A_85;A_99,True,True,False,True,True,True,False,False,6bdn,X-ray,1.5,2017
6mdn_1.pdb_6mdn_1_ATP_N.pdb,1,6mdn_1.pdb_6mdn_1_ATP_V.pdb,6mdn_1.pdb_6mdn_1_ATP_V.pdb,A_251;A_337;A_355;A_356;A_359;A_360;A_382;A_383;A_385;A_386;A_387;A_388;B_219;B_220;B_221;B_222;B_223;B_260;B_261;B_262;B_263;B_264;B_265;B_266;B_267;B_268;B_269;B_271;B_329;B_372;B_373;B_374;B_395;B_398;B_402;B_405;B_406;B_409;B_410;B_437;B_438;B_439;B_440;B_441;B_442;B_443,False,False,False,True,True,False,True,False,6mdn,cryo-EM,4.4,2018
6mdn_1.pdb_6mdn_1_ATP_Q.pdb,1,6mdn_1.pdb_6mdn_1_ATP_V.pdb,6mdn_1.pdb_6mdn_1_ATP_V.pdb,B_251;B_254;B_337;B_355;B_359;B_360;B_381;B_382;B_383;B_385;B_386;B_387;B_388;C_219;C_220;C_221;C_222;C_223;C_260;C_261;C_262;C_263;C_264;C_265;C_266;C_267;C_268;C_269;C_271;C_329;C_372;C_373;C_374;C_395;C_398;C_402;C_405;C_406;C_409;C_410;C_437;C_438;C_439;C_440;C_442;C_443,False,False,False,True,True,False,True,False,6mdn,cryo-EM,4.4,2018
7m9c_1.pdb_7m9c_1_ADP_X.pdb,0,7m9c_1.pdb_7m9c_1_ADP_T.pdb,7m9c_1.pdb_7m9c_1_ADP_T.pdb,I_158;I_162;I_185;I_188;I_189;J_144;J_145;J_171;J_172;J_173;J_196;J_211;J_215;J_240;J_241;J_242;J_243;J_244;J_245;J_246;J_249;J_30;J_31;J_32;J_33;J_34;J_35;J_36;J_37;J_38;J_39;J_60;J_61;J_62;J_63;J_64;J_65;J_66;J_67;J_68;J_69;J_70;J_71;J_72;J_93;J_95,False,False,True,True,False,False,False,False,7m9c,cryo-EM,4.2,2021
7svu_1.pdb_7svu_1_ATP_NA.pdb,1,7m9c_1.pdb_7m9c_1_ADP_T.pdb,7m9c_1.pdb_7m9c_1_ADP_T.pdb,G_158;G_162;G_185;G_188;G_189;H_144;H_145;H_148;H_171;H_172;H_173;H_196;H_211;H_215;H_240;H_241;H_242;H_243;H_244;H_245;H_246;H_249;H_30;H_31;H_32;H_33;H_34;H_35;H_36;H_37;H_38;H_39;H_60;H_61;H_62;H_63;H_64;H_65;H_66;H_67;H_68;H_69;H_70;H_72;H_93;H_95,True,True,False,True,False,False,False,False,7svu,cryo-EM,3.5,2021
7svu_1.pdb_7svu_1_ATP_PA.pdb,1,7m9c_1.pdb_7m9c_1_ADP_T.pdb,7m9c_1.pdb_7m9c_1_ADP_T.pdb,H_158;H_162;H_185;H_188;H_189;I_144;I_145;I_148;I_171;I_172;I_173;I_196;I_211;I_215;I_240;I_241;I_242;I_243;I_244;I_245;I_246;I_249;I_30;I_31;I_32;I_33;I_34;I_35;I_36;I_37;I_38;I_39;I_60;I_61;I_62;I_63;I_64;I_65;I_66;I_67;I_68;I_69;I_70;I_72;I_93;I_95,True,True,True,True,False,False,False,False,7svu,cryo-EM,3.5,2021
7svu_1.pdb_7svu_1_ATP_RA.pdb,1,7m9c_1.pdb_7m9c_1_ADP_T.pdb,7m9c_1.pdb_7m9c_1_ADP_T.pdb,I_158;I_162;I_185;I_188;I_189;I_54;J_144;J_145;J_171;J_172;J_173;J_196;J_211;J_215;J_240;J_241;J_242;J_243;J_244;J_245;J_246;J_249;J_30;J_31;J_32;J_33;J_34;J_35;J_36;J_37;J_38;J_39;J_60;J_61;J_62;J_63;J_64;J_65;J_66;J_67;J_68;J_69;J_70;J_72;J_93;J_95,True,True,False,True,False,False,False,False,7svu,cryo-EM,3.5,2021
7m9a_1.pdb_7m9a_1_ADP_R.pdb,0,7m9c_1.pdb_7m9c_1_ADP_T.pdb,7m9c_1.pdb_7m9c_1_ADP_T.pdb,D_158;D_162;D_185;D_188;D_189;E_144;E_145;E_148;E_171;E_172;E_173;E_196;E_211;E_215;E_240;E_241;E_242;E_243;E_244;E_245;E_246;E_249;E_30;E_31;E_32;E_33;E_34;E_35;E_36;E_37;E_38;E_39;E_60;E_61;E_62;E_63;E_64;E_65;E_66;E_67;E_68;E_69;E_70;E_72;E_93;E_95,False,False,False,True,False,False,False,False,7m9a,cryo-EM,3.9,2021
7m9c_1.pdb_7m9c_1_ADP_R.pdb,0,7m9c_1.pdb_7m9c_1_ADP_T.pdb,7m9c_1.pdb_7m9c_1_ADP_T.pdb,B_158;B_162;B_185;B_188;B_189;B_54;C_144;C_145;C_171;C_172;C_173;C_196;C_211;C_215;C_240;C_241;C_242;C_243;C_244;C_245;C_246;C_249;C_30;C_31;C_32;C_33;C_34;C_35;C_36;C_37;C_38;C_39;C_60;C_61;C_62;C_63;C_64;C_65;C_66;C_67;C_68;C_69;C_70;C_72;C_93;C_95,False,False,False,True,False,False,False,False,7m9c,cryo-EM,4.2,2021
7m9c_1.pdb_7m9c_1_ADP_Q.pdb,0,7m9c_1.pdb_7m9c_1_ADP_T.pdb,7m9c_1.pdb_7m9c_1_ADP_T.pdb,A_158;A_162;A_185;A_188;A_189;B_144;B_145;B_171;B_172;B_173;B_196;B_211;B_215;B_240;B_241;B_242;B_243;B_244;B_245;B_246;B_249;B_30;B_31;B_32;B_33;B_34;B_35;B_36;B_37;B_38;B_39;B_60;B_61;B_62;B_63;B_64;B_65;B_66;B_67;B_68;B_69;B_70;B_71;B_72;B_93;B_95,False,False,False,True,False,False,False,False,7m9c,cryo-EM,4.2,2021
7abr_1.pdb_7abr_1_ATP_O.pdb,1,8a8w_1.pdb_8a8w_1_ADP_H.pdb,8a8w_1.pdb_8a8w_1_ADP_H.pdb,C_536;C_631;C_635;C_700;C_704;D_506;D_508;D_509;D_510;D_511;D_512;D_513;D_543;D_545;D_546;D_547;D_548;D_549;D_550;D_551;D_552;D_553;D_554;D_556;D_571;D_617;D_618;D_657;D_658;D_659;D_711;D_712;D_714;D_718;D_719;D_721;D_722;D_725;D_726;D_729;D_761;D_762;D_763;D_764;D_765;D_766,False,False,True,True,True,False,True,True,7abr,cryo-EM,3.7,2020
7abr_1.pdb_7abr_1_ADP_K.pdb,0,8a8w_1.pdb_8a8w_1_ADP_H.pdb,8a8w_1.pdb_8a8w_1_ADP_H.pdb,A_536;A_631;A_635;A_700;A_704;B_506;B_508;B_509;B_510;B_511;B_512;B_513;B_543;B_545;B_546;B_547;B_548;B_549;B_550;B_551;B_552;B_553;B_554;B_556;B_571;B_617;B_618;B_657;B_658;B_659;B_711;B_712;B_714;B_718;B_719;B_721;B_722;B_725;B_726;B_729;B_761;B_762;B_763;B_764;B_765;B_766,False,False,True,True,True,False,True,True,7abr,cryo-EM,3.7,2020
1svt_1.pdb_1svt_1_ADP_FA.pdb,0,8bmt_1.pdb_8bmt_1_ATP_CB.pdb,8bmt_1.pdb_8bmt_1_ATP_CB.pdb,C_150;C_151;C_152;C_153;C_154;C_27;C_30;C_31;C_32;C_33;C_34;C_35;C_398;C_413;C_414;C_415;C_416;C_417;C_450;C_451;C_454;C_478;C_479;C_480;C_481;C_482;C_488;C_493;C_494;C_495;C_499;C_500;C_503;C_51;C_52;C_53;C_54;C_86;C_87;C_88;C_89;C_90;C_91;C_92;C_93;C_94,True,True,True,True,True,True,False,True,1svt,X-ray,2.81,2004
1svt_1.pdb_1svt_1_ADP_X.pdb,0,8bmt_1.pdb_8bmt_1_ATP_CB.pdb,8bmt_1.pdb_8bmt_1_ATP_CB.pdb,A_150;A_151;A_152;A_153;A_154;A_27;A_30;A_31;A_32;A_33;A_34;A_35;A_398;A_413;A_414;A_415;A_416;A_417;A_450;A_451;A_454;A_478;A_479;A_480;A_481;A_482;A_488;A_491;A_493;A_494;A_495;A_499;A_500;A_503;A_51;A_52;A_53;A_54;A_87;A_88;A_89;A_90;A_91;A_92;A_93;A_94,True,True,True,True,True,True,False,False,1svt,X-ray,2.81,2004
8bo1_1.pdb_8bo1_1_ATP_F.pdb,1,8bo1_1.pdb_8bo1_1_ATP_F.pdb,8bo1_1.pdb_8bo1_1_ATP_F.pdb,A_11;A_12;A_13;A_137;A_14;A_15;A_154;A_155;A_156;A_157;A_158;A_159;A_16;A_17;A_18;A_181;A_182;A_183;A_184;A_185;A_186;A_210;A_211;A_213;A_214;A_215;A_217;A_30;A_300;A_301;A_302;A_303;A_304;A_305;A_306;A_307;A_33;A_335;A_336;A_337;A_339;A_71;A_72;A_74;B_676;B_677,True,True,True,True,True,True,False,False,8bo1,X-ray,2.5,2022
8bji_1.pdb_8bji_1_ADP_C.pdb,0,8bo1_1.pdb_8bo1_1_ATP_F.pdb,8bo1_1.pdb_8bo1_1_ATP_F.pdb,A_11;A_12;A_13;A_137;A_14;A_15;A_154;A_155;A_156;A_157;A_158;A_159;A_16;A_17;A_18;A_181;A_182;A_183;A_184;A_185;A_186;A_210;A_211;A_213;A_214;A_215;A_217;A_30;A_300;A_301;A_302;A_303;A_304;A_305;A_306;A_307;A_33;A_335;A_336;A_337;A_339;A_71;A_72;A_74;B_676;B_677,True,True,False,True,True,True,False,False,8bji,X-ray,1.75,2022
8das_1.pdb_8das_1_ATP_K.pdb,1,8dat_1.pdb_8dat_1_ATP_T.pdb,8dat_1.pdb_8dat_1_ATP_T.pdb,A_214;A_215;A_216;A_217;A_218;A_219;A_223;A_253;A_255;A_256;A_257;A_258;A_259;A_260;A_261;A_262;A_263;A_264;A_265;A_278;A_280;A_312;A_314;A_315;A_356;A_357;A_379;A_380;A_382;A_386;A_389;A_390;A_391;A_393;A_394;A_417;A_418;A_419;A_420;A_421;A_422;A_423;B_343;B_369;B_370;B_372,False,False,True,True,True,False,True,True,8das,cryo-EM,3.5,2022
8das_1.pdb_8das_1_ADP_O.pdb,0,8dat_1.pdb_8dat_1_ATP_T.pdb,8dat_1.pdb_8dat_1_ATP_T.pdb,C_214;C_215;C_216;C_217;C_218;C_219;C_223;C_253;C_255;C_256;C_257;C_258;C_259;C_260;C_261;C_262;C_263;C_264;C_265;C_278;C_280;C_312;C_314;C_315;C_356;C_357;C_379;C_380;C_382;C_386;C_389;C_390;C_391;C_393;C_394;C_417;C_418;C_419;C_420;C_421;C_422;C_423;D_343;D_369;D_370;D_372,False,False,True,True,True,False,True,True,8das,cryo-EM,3.5,2022
8das_1.pdb_8das_1_ATP_U.pdb,1,8dat_1.pdb_8dat_1_ATP_T.pdb,8dat_1.pdb_8dat_1_ATP_T.pdb,A_343;A_346;A_369;A_370;A_372;F_215;F_216;F_217;F_218;F_219;F_223;F_253;F_255;F_256;F_257;F_258;F_259;F_260;F_261;F_262;F_263;F_264;F_265;F_278;F_280;F_312;F_314;F_315;F_356;F_357;F_379;F_380;F_382;F_386;F_389;F_390;F_391;F_393;F_394;F_417;F_418;F_419;F_420;F_421;F_422;F_423,False,False,True,True,True,False,True,True,8das,cryo-EM,3.5,2022
7y59_1.pdb_7y59_1_ATP_K.pdb,1,8hrz_1.pdb_8hrz_1_ADP_FA.pdb,8hrz_1.pdb_8hrz_1_ADP_FA.pdb,E_201;E_204;E_205;E_206;E_207;E_208;E_209;E_210;E_245;E_246;E_247;E_248;E_249;E_250;E_251;E_252;E_253;E_254;E_256;E_302;E_304;E_305;E_346;E_369;E_370;E_372;E_376;E_379;E_380;E_381;E_383;E_384;E_407;E_408;E_409;E_410;E_411;E_412;E_413;F_236;F_333;F_336;F_359;F_360;F_361;F_362,False,False,False,True,True,False,True,False,7y59,cryo-EM,4.51,2022
8fcl_1.pdb_8fcl_1_ADP_J.pdb,0,8hrz_1.pdb_8hrz_1_ADP_FA.pdb,8hrz_1.pdb_8hrz_1_ADP_FA.pdb,A_236;A_333;A_336;A_359;A_360;A_361;A_362;B_201;B_204;B_205;B_206;B_207;B_208;B_209;B_210;B_245;B_246;B_247;B_248;B_249;B_250;B_251;B_252;B_253;B_254;B_256;B_302;B_304;B_305;B_346;B_369;B_370;B_372;B_376;B_379;B_380;B_381;B_383;B_384;B_407;B_408;B_409;B_410;B_411;B_412;B_413,False,False,False,True,True,False,True,False,8fcl,cryo-EM,3.51,2022
8hrz_1.pdb_8hrz_1_ADP_IA.pdb,0,8hrz_1.pdb_8hrz_1_ADP_FA.pdb,8hrz_1.pdb_8hrz_1_ADP_FA.pdb,J_236;J_359;J_360;J_361;K_201;K_204;K_205;K_206;K_207;K_208;K_209;K_210;K_245;K_246;K_247;K_248;K_249;K_250;K_251;K_252;K_253;K_254;K_255;K_256;K_302;K_304;K_305;K_346;K_347;K_348;K_369;K_370;K_372;K_376;K_379;K_380;K_381;K_383;K_384;K_407;K_408;K_409;K_410;K_411;K_412;K_413,False,False,False,True,True,False,True,False,8hrz,X-ray,2.7,2022
7y59_1.pdb_7y59_1_ATP_M.pdb,1,8hrz_1.pdb_8hrz_1_ADP_FA.pdb,8hrz_1.pdb_8hrz_1_ADP_FA.pdb,F_201;F_203;F_204;F_205;F_206;F_207;F_208;F_209;F_210;F_245;F_246;F_247;F_248;F_249;F_250;F_251;F_252;F_253;F_254;F_256;F_268;F_302;F_304;F_305;F_346;F_369;F_372;F_376;F_379;F_380;F_381;F_383;F_384;F_407;F_408;F_409;F_410;F_411;F_412;F_413;H_236;H_333;H_359;H_360;H_361;H_362,False,False,False,True,True,False,True,False,7y59,cryo-EM,4.51,2022
7y59_1.pdb_7y59_1_ATP_Q.pdb,1,8hrz_1.pdb_8hrz_1_ADP_FA.pdb,8hrz_1.pdb_8hrz_1_ADP_FA.pdb,H_202;H_203;H_204;H_205;H_206;H_207;H_208;H_209;H_243;H_245;H_246;H_247;H_248;H_249;H_250;H_251;H_252;H_253;H_254;H_255;H_256;H_302;H_304;H_305;H_346;H_347;H_348;H_369;H_370;H_372;H_376;H_379;H_380;H_381;H_383;H_384;H_407;H_408;H_409;H_410;H_411;H_412;H_413;J_359;J_360;J_361,False,False,False,True,True,False,True,False,7y59,cryo-EM,4.51,2022
8hrz_1.pdb_8hrz_1_ADP_FA.pdb,0,8hrz_1.pdb_8hrz_1_ADP_FA.pdb,8hrz_1.pdb_8hrz_1_ADP_FA.pdb,G_359;G_360;G_361;H_202;H_203;H_204;H_205;H_206;H_207;H_208;H_209;H_243;H_245;H_246;H_247;H_248;H_249;H_250;H_251;H_252;H_253;H_254;H_255;H_256;H_302;H_304;H_305;H_346;H_347;H_348;H_369;H_370;H_372;H_376;H_379;H_380;H_381;H_383;H_384;H_407;H_408;H_409;H_410;H_411;H_412;H_413,False,False,True,True,True,False,True,False,8hrz,X-ray,2.7,2022
8hrz_1.pdb_8hrz_1_ADP_Y.pdb,0,8hrz_1.pdb_8hrz_1_ADP_FA.pdb,8hrz_1.pdb_8hrz_1_ADP_FA.pdb,A_203;A_204;A_205;A_206;A_207;A_208;A_209;A_210;A_243;A_245;A_246;A_247;A_248;A_249;A_250;A_251;A_252;A_253;A_254;A_255;A_256;A_302;A_304;A_305;A_346;A_347;A_348;A_369;A_370;A_372;A_376;A_379;A_380;A_381;A_383;A_384;A_407;A_408;A_409;A_410;A_411;A_412;A_413;F_359;F_360;F_361,False,False,False,True,True,False,True,False,8hrz,X-ray,2.7,2022
7y59_1.pdb_7y59_1_ATP_U.pdb,1,8hrz_1.pdb_8hrz_1_ADP_FA.pdb,8hrz_1.pdb_8hrz_1_ADP_FA.pdb,I_359;I_360;I_361;J_201;J_203;J_204;J_205;J_206;J_207;J_208;J_209;J_210;J_243;J_245;J_246;J_247;J_248;J_249;J_250;J_251;J_252;J_253;J_254;J_255;J_256;J_302;J_304;J_305;J_346;J_347;J_348;J_369;J_372;J_376;J_379;J_380;J_381;J_383;J_384;J_407;J_408;J_409;J_410;J_411;J_412;J_413,False,False,False,True,True,False,True,False,7y59,cryo-EM,4.51,2022
8hrz_1.pdb_8hrz_1_ADP_BA.pdb,0,8hrz_1.pdb_8hrz_1_ADP_FA.pdb,8hrz_1.pdb_8hrz_1_ADP_FA.pdb,C_359;C_360;C_361;D_201;D_203;D_204;D_205;D_206;D_207;D_208;D_209;D_210;D_243;D_245;D_246;D_247;D_248;D_249;D_250;D_251;D_252;D_253;D_254;D_255;D_256;D_302;D_304;D_305;D_346;D_347;D_348;D_369;D_372;D_376;D_379;D_380;D_381;D_383;D_384;D_407;D_408;D_409;D_410;D_411;D_412;D_413,False,False,False,True,True,False,True,False,8hrz,X-ray,2.7,2022
1mv5_1.pdb_1mv5_1_ATP_H.pdb,1,1mv5_1.pdb_1mv5_1_ADP_F.pdb,1mv5_1.pdb_1mv5_1_ADP_F.pdb,A_468;A_471;A_473;B_1351;B_1352;B_1353;B_1354;B_1355;B_1356;B_1357;B_1358;B_1393;C_2350;C_2351;C_2352;C_2353;C_2354;C_2355;C_2356;C_2357;C_2358;C_2359;C_2374;C_2375;C_2376;C_2377;C_2378;C_2379;C_2380;C_2381;C_2382;C_2383;C_2384;C_2385;C_2386;C_2387;C_2393;C_2505;C_2535;C_2537;C_2551;C_2552;C_2553;C_2554;C_2575,False,False,False,True,False,False,False,False,1mv5,X-ray,3.1,2002
1mv5_1.pdb_1mv5_1_ADP_J.pdb,0,1mv5_1.pdb_1mv5_1_ADP_F.pdb,1mv5_1.pdb_1mv5_1_ADP_F.pdb,A_351;A_352;A_353;A_354;A_355;A_356;A_357;A_358;A_393;C_2468;C_2471;C_2473;D_3350;D_3351;D_3352;D_3353;D_3354;D_3355;D_3356;D_3357;D_3358;D_3359;D_3374;D_3375;D_3376;D_3377;D_3378;D_3379;D_3380;D_3381;D_3382;D_3383;D_3384;D_3385;D_3386;D_3387;D_3393;D_3505;D_3535;D_3537;D_3551;D_3552;D_3553;D_3554;D_3575,True,True,False,True,False,False,False,False,1mv5,X-ray,3.1,2002
3i33_1.pdb_3i33_1_ADP_C.pdb,0,3ldl_1.pdb_3ldl_1_ATP_C.pdb,3ldl_1.pdb_3ldl_1_ATP_C.pdb,A_12;A_13;A_14;A_15;A_16;A_17;A_176;A_202;A_203;A_204;A_205;A_206;A_207;A_208;A_209;A_232;A_233;A_235;A_236;A_237;A_271;A_272;A_274;A_275;A_276;A_277;A_278;A_279;A_305;A_340;A_341;A_342;A_343;A_344;A_345;A_346;A_347;A_368;A_369;A_370;A_372;A_38;A_41;A_57;A_72,True,True,False,True,False,False,False,False,3i33,X-ray,1.3,2009
3ll3_1.pdb_3ll3_1_ATP_C.pdb,1,3ll3_1.pdb_3ll3_1_ADP_F.pdb,3ll3_1.pdb_3ll3_1_ADP_F.pdb,A_11;A_12;A_13;A_15;A_256;A_257;A_258;A_259;A_260;A_261;A_295;A_296;A_297;A_298;A_299;A_300;A_301;A_302;A_303;A_304;A_305;A_306;A_314;A_315;A_316;A_317;A_318;A_319;A_320;A_371;A_374;A_398;A_399;A_400;A_401;A_402;A_403;A_404;A_405;A_406;A_407;A_408;A_425;A_426;A_8,False,False,False,True,True,False,True,False,3ll3,X-ray,2.0,2010
3ll3_1.pdb_3ll3_1_ADP_F.pdb,0,3ll3_1.pdb_3ll3_1_ADP_F.pdb,3ll3_1.pdb_3ll3_1_ADP_F.pdb,B_11;B_12;B_13;B_15;B_256;B_257;B_258;B_259;B_260;B_261;B_295;B_296;B_297;B_298;B_299;B_300;B_301;B_302;B_303;B_304;B_305;B_306;B_314;B_315;B_316;B_317;B_318;B_319;B_320;B_371;B_374;B_398;B_399;B_400;B_401;B_402;B_403;B_404;B_405;B_406;B_407;B_408;B_425;B_426;B_8,False,False,False,True,True,False,True,False,3ll3,X-ray,2.0,2010
6on2_1.pdb_6on2_1_ADP_P.pdb,0,3m6a_1.pdb_3m6a_1_ADP_G.pdb,3m6a_1.pdb_3m6a_1_ADP_G.pdb,E_321;E_322;E_323;E_324;E_325;E_326;E_327;E_331;E_354;E_356;E_357;E_358;E_359;E_360;E_361;E_362;E_363;E_364;E_365;E_366;E_379;E_421;E_423;E_424;E_471;E_472;E_473;E_490;E_493;E_497;E_500;E_501;E_502;E_504;E_505;E_506;E_509;E_513;E_540;E_541;E_542;E_543;E_545;F_479;F_483,True,True,True,True,True,True,False,False,6on2,cryo-EM,3.0,2019
6v11_1.pdb_6v11_1_ADP_H.pdb,0,3m6a_1.pdb_3m6a_1_ADP_G.pdb,3m6a_1.pdb_3m6a_1_ADP_G.pdb,B_320;B_322;B_323;B_324;B_325;B_326;B_327;B_331;B_354;B_356;B_357;B_358;B_359;B_360;B_361;B_362;B_363;B_364;B_365;B_366;B_379;B_421;B_423;B_427;B_471;B_472;B_473;B_490;B_493;B_497;B_500;B_501;B_502;B_504;B_505;B_506;B_509;B_510;B_513;B_540;B_541;B_542;B_543;B_545;C_483,False,False,True,True,False,False,False,False,6v11,cryo-EM,3.8,2019
6v11_1.pdb_6v11_1_ADP_I.pdb,0,3m6a_1.pdb_3m6a_1_ADP_G.pdb,3m6a_1.pdb_3m6a_1_ADP_G.pdb,C_320;C_322;C_323;C_324;C_325;C_326;C_327;C_331;C_354;C_356;C_357;C_358;C_359;C_360;C_361;C_362;C_363;C_364;C_365;C_366;C_379;C_421;C_423;C_427;C_471;C_472;C_473;C_490;C_493;C_497;C_500;C_501;C_502;C_504;C_505;C_506;C_509;C_510;C_513;C_540;C_541;C_542;C_543;C_545;D_483,False,False,False,True,False,False,False,False,6v11,cryo-EM,3.8,2019
6v11_1.pdb_6v11_1_ADP_K.pdb,0,3m6a_1.pdb_3m6a_1_ADP_G.pdb,3m6a_1.pdb_3m6a_1_ADP_G.pdb,A_483;F_320;F_322;F_323;F_324;F_325;F_326;F_327;F_331;F_354;F_356;F_357;F_358;F_359;F_360;F_361;F_362;F_363;F_364;F_365;F_366;F_379;F_421;F_423;F_427;F_471;F_472;F_473;F_490;F_493;F_497;F_500;F_501;F_502;F_504;F_505;F_506;F_509;F_510;F_513;F_540;F_541;F_542;F_543;F_545,False,False,False,True,False,False,False,False,6v11,cryo-EM,3.8,2019
5dn6_1.pdb_5dn6_1_ATP_DA.pdb,1,5dn6_1.pdb_5dn6_1_ATP_LA.pdb,5dn6_1.pdb_5dn6_1_ATP_LA.pdb,A_150;A_167;A_168;A_169;A_170;A_171;A_172;A_173;A_174;A_175;A_176;A_177;A_178;A_179;A_180;A_181;A_204;A_209;A_213;A_270;A_271;A_274;A_327;A_328;A_329;A_353;A_358;A_362;A_363;A_364;A_365;A_430;A_431;A_432;A_433;A_434;D_323;D_326;D_351;D_352;D_353;D_354;D_355;D_356;D_364,True,True,False,True,True,True,False,False,5dn6,X-ray,3.98,2015
5dn6_1.pdb_5dn6_1_ADP_FA.pdb,0,5dn6_1.pdb_5dn6_1_ATP_LA.pdb,5dn6_1.pdb_5dn6_1_ATP_LA.pdb,B_150;B_167;B_168;B_169;B_170;B_171;B_172;B_173;B_174;B_175;B_176;B_177;B_178;B_179;B_180;B_181;B_204;B_209;B_213;B_270;B_271;B_274;B_327;B_328;B_329;B_353;B_358;B_362;B_363;B_364;B_365;B_430;B_431;B_432;B_433;B_434;E_323;E_326;E_351;E_352;E_353;E_354;E_355;E_356;E_364,True,True,False,True,True,True,False,False,5dn6,X-ray,3.98,2015
6fm1_1.pdb_6fm1_1_ATP_C.pdb,1,6fm3_1.pdb_6fm3_1_ADP_B2.pdb,6fm3_1.pdb_6fm3_1_ADP_B2.pdb,A_12;A_13;A_14;A_15;A_16;A_17;A_18;A_185;A_186;A_187;A_188;A_19;A_20;A_21;A_228;A_230;A_234;A_269;A_292;A_293;A_294;A_295;A_296;A_297;A_298;A_327;A_328;A_329;A_330;A_331;A_332;A_335;A_40;A_41;A_42;A_43;A_44;A_45;A_46;A_52;A_53;A_54;A_55;A_60;A_9,True,True,False,True,False,False,False,False,6fm1,X-ray,2.35,2018
6fm3_1.pdb_6fm3_1_ADP_B1.pdb,0,6fm3_1.pdb_6fm3_1_ADP_B2.pdb,6fm3_1.pdb_6fm3_1_ADP_B2.pdb,A_12;A_13;A_14;A_15;A_16;A_17;A_18;A_185;A_186;A_187;A_188;A_19;A_20;A_21;A_228;A_230;A_234;A_269;A_292;A_293;A_294;A_295;A_296;A_297;A_298;A_327;A_328;A_329;A_330;A_331;A_332;A_335;A_40;A_41;A_42;A_43;A_44;A_45;A_46;A_52;A_53;A_54;A_55;A_60;A_9,False,False,False,True,False,False,False,False,6fm3,X-ray,1.95,2018
6fm3_1.pdb_6fm3_1_ADP_B2.pdb,0,6fm3_1.pdb_6fm3_1_ADP_B2.pdb,6fm3_1.pdb_6fm3_1_ADP_B2.pdb,B_12;B_13;B_14;B_15;B_16;B_17;B_18;B_185;B_186;B_187;B_188;B_19;B_20;B_21;B_228;B_230;B_234;B_269;B_292;B_293;B_294;B_295;B_296;B_297;B_298;B_327;B_328;B_329;B_330;B_331;B_332;B_335;B_40;B_41;B_42;B_43;B_44;B_45;B_46;B_52;B_53;B_54;B_55;B_60;B_9,False,False,False,True,False,False,False,False,6fm3,X-ray,1.95,2018
6fm1_1.pdb_6fm1_1_ATP_I.pdb,1,6fm3_1.pdb_6fm3_1_ADP_B2.pdb,6fm3_1.pdb_6fm3_1_ADP_B2.pdb,B_12;B_13;B_14;B_15;B_16;B_17;B_18;B_185;B_186;B_187;B_188;B_19;B_20;B_228;B_230;B_234;B_269;B_292;B_293;B_294;B_295;B_296;B_297;B_298;B_327;B_328;B_329;B_330;B_331;B_332;B_335;B_40;B_41;B_42;B_43;B_44;B_45;B_46;B_52;B_53;B_54;B_55;B_60;B_7;B_9,True,True,False,True,False,False,False,False,6fm1,X-ray,2.35,2018
6he4_1.pdb_6he4_1_ATP_I.pdb,1,6he4_1.pdb_6he4_1_ATP_K.pdb,6he4_1.pdb_6he4_1_ATP_K.pdb,B_142;B_143;B_144;B_145;B_146;B_182;B_183;B_184;B_185;B_186;B_187;B_188;B_189;B_190;B_191;B_241;B_242;B_286;B_287;B_288;B_312;B_316;B_319;B_320;B_321;B_323;B_324;B_347;B_348;B_349;B_350;B_351;B_352;B_353;F_173;F_176;F_269;F_270;F_273;F_274;F_275;F_299;F_300;F_301;F_302,True,True,True,True,True,True,False,True,6he4,cryo-EM,4.85,2018
6he4_1.pdb_6he4_1_ADP_M.pdb,0,6he4_1.pdb_6he4_1_ATP_K.pdb,6he4_1.pdb_6he4_1_ATP_K.pdb,D_142;D_143;D_144;D_145;D_146;D_182;D_183;D_184;D_185;D_186;D_187;D_188;D_189;D_190;D_191;D_241;D_242;D_286;D_287;D_288;D_312;D_316;D_319;D_320;D_321;D_323;D_324;D_347;D_348;D_349;D_350;D_351;D_352;D_353;E_173;E_176;E_269;E_270;E_273;E_274;E_275;E_299;E_300;E_301;E_302,True,True,True,True,True,True,False,True,6he4,cryo-EM,4.85,2018
6he4_1.pdb_6he4_1_ATP_O.pdb,1,6he4_1.pdb_6he4_1_ATP_K.pdb,6he4_1.pdb_6he4_1_ATP_K.pdb,C_176;C_269;C_270;C_273;C_274;C_275;C_299;C_300;C_301;C_302;F_138;F_142;F_143;F_144;F_145;F_146;F_182;F_183;F_184;F_185;F_186;F_187;F_188;F_189;F_190;F_191;F_239;F_241;F_242;F_286;F_287;F_288;F_312;F_316;F_319;F_320;F_321;F_323;F_324;F_347;F_348;F_349;F_350;F_351;F_352,True,True,True,True,True,True,False,True,6he4,cryo-EM,4.85,2018
4a6x_1.pdb_4a6x_1_ATP_D.pdb,1,6hqu_1.pdb_6hqu_1_ADP_P.pdb,6hqu_1.pdb_6hqu_1_ADP_P.pdb,A_136;A_137;A_138;A_139;A_140;A_141;A_142;A_143;A_144;A_145;A_146;A_147;A_148;A_149;A_150;A_174;A_176;A_177;A_178;A_180;A_181;A_184;A_185;A_188;A_238;A_239;A_280;A_282;A_283;A_284;A_285;A_315;A_316;A_317;A_321;A_322;A_323;A_340;A_341;A_342;A_343;A_344;A_345;A_346;A_347,True,True,False,True,True,True,False,False,4a6x,X-ray,1.55,2011
6hqu_1.pdb_6hqu_1_ADP_P.pdb,0,6hqu_1.pdb_6hqu_1_ADP_P.pdb,6hqu_1.pdb_6hqu_1_ADP_P.pdb,A_136;A_137;A_138;A_139;A_140;A_141;A_142;A_143;A_144;A_145;A_146;A_147;A_148;A_149;A_150;A_174;A_176;A_177;A_178;A_180;A_181;A_184;A_185;A_188;A_238;A_239;A_280;A_282;A_283;A_284;A_285;A_315;A_316;A_317;A_321;A_322;A_323;A_340;A_341;A_342;A_343;A_344;A_345;A_346;A_347,True,True,False,True,True,True,False,False,6hqu,X-ray,1.97,2018
6hqu_3.pdb_6hqu_3_ADP_T.pdb,0,6hqu_1.pdb_6hqu_1_ADP_P.pdb,6hqu_1.pdb_6hqu_1_ADP_P.pdb,A_136;A_137;A_138;A_139;A_140;A_141;A_142;A_143;A_144;A_145;A_146;A_147;A_148;A_149;A_150;A_174;A_176;A_177;A_178;A_180;A_181;A_184;A_185;A_188;A_238;A_239;A_280;A_282;A_283;A_284;A_285;A_315;A_316;A_317;A_321;A_322;A_323;A_340;A_341;A_342;A_343;A_344;A_345;A_346;A_347,True,True,False,True,True,True,False,False,6hqu,X-ray,1.97,2018
6ray_1.pdb_6ray_1_ATP_P.pdb,1,6raw_1.pdb_6raw_1_ATP_P.pdb,6raw_1.pdb_6raw_1_ATP_P.pdb,B_500;B_502;B_590;B_593;B_594;B_595;B_641;B_645;B_716;B_732;B_733;B_734;B_735;B_736;B_737;B_741;D_349;D_350;D_351;D_352;D_353;D_357;D_389;D_390;D_391;D_392;D_393;D_394;D_395;D_396;D_397;D_398;D_410;D_452;D_453;D_494;D_496;D_528;D_536;D_537;D_539;D_540;D_543;D_544;D_547,False,False,False,True,True,False,True,False,6ray,cryo-EM,4.28,2019
6raw_1.pdb_6raw_1_ADP_R.pdb,0,6raw_1.pdb_6raw_1_ATP_P.pdb,6raw_1.pdb_6raw_1_ATP_P.pdb,C_500;C_502;C_590;C_593;C_594;C_595;C_641;C_645;C_716;C_732;C_733;C_734;C_735;C_736;C_737;C_741;E_349;E_350;E_351;E_352;E_353;E_357;E_389;E_390;E_391;E_392;E_393;E_394;E_395;E_396;E_397;E_398;E_410;E_452;E_453;E_494;E_496;E_528;E_536;E_537;E_539;E_540;E_543;E_544;E_547,False,False,True,True,True,False,True,False,6raw,cryo-EM,3.7,2019
7m9a_1.pdb_7m9a_1_ADP_X.pdb,0,7m9c_1.pdb_7m9c_1_ADP_T.pdb,7m9c_1.pdb_7m9c_1_ADP_T.pdb,K_158;K_162;K_185;K_188;K_189;L_144;L_145;L_171;L_172;L_173;L_196;L_211;L_215;L_240;L_241;L_242;L_243;L_244;L_245;L_246;L_249;L_30;L_31;L_32;L_33;L_34;L_35;L_36;L_38;L_39;L_60;L_61;L_62;L_63;L_64;L_65;L_66;L_67;L_68;L_69;L_70;L_71;L_72;L_93;L_95,False,False,False,True,False,False,False,False,7m9a,cryo-EM,3.9,2021
7m9a_1.pdb_7m9a_1_ADP_T.pdb,0,7m9c_1.pdb_7m9c_1_ADP_T.pdb,7m9c_1.pdb_7m9c_1_ADP_T.pdb,G_158;G_162;G_185;G_189;G_54;H_144;H_145;H_171;H_172;H_173;H_196;H_211;H_215;H_240;H_241;H_242;H_243;H_244;H_245;H_246;H_249;H_30;H_31;H_32;H_33;H_34;H_35;H_36;H_39;H_59;H_60;H_61;H_62;H_63;H_64;H_65;H_66;H_67;H_68;H_69;H_70;H_71;H_72;H_93;H_95,False,False,False,True,False,False,False,False,7m9a,cryo-EM,3.9,2021
7m9c_1.pdb_7m9c_1_ADP_Z.pdb,0,7m9c_1.pdb_7m9c_1_ADP_T.pdb,7m9c_1.pdb_7m9c_1_ADP_T.pdb,K_158;K_162;K_185;K_188;K_189;L_144;L_145;L_171;L_172;L_173;L_196;L_211;L_215;L_240;L_241;L_242;L_243;L_244;L_245;L_246;L_249;L_30;L_31;L_32;L_33;L_34;L_35;L_36;L_38;L_39;L_60;L_61;L_62;L_63;L_64;L_65;L_66;L_67;L_68;L_69;L_70;L_71;L_72;L_93;L_95,False,False,False,True,False,False,False,False,7m9c,cryo-EM,4.2,2021
7m9a_1.pdb_7m9a_1_ADP_S.pdb,0,7m9c_1.pdb_7m9c_1_ADP_T.pdb,7m9c_1.pdb_7m9c_1_ADP_T.pdb,E_158;E_162;E_185;E_188;E_189;F_144;F_145;F_171;F_173;F_196;F_207;F_211;F_215;F_240;F_241;F_242;F_243;F_244;F_245;F_246;F_249;F_30;F_31;F_32;F_33;F_34;F_35;F_36;F_37;F_38;F_39;F_60;F_61;F_62;F_63;F_64;F_65;F_66;F_67;F_68;F_69;F_70;F_72;F_93;F_95,False,False,False,True,False,False,False,False,7m9a,cryo-EM,3.9,2021
7m9c_1.pdb_7m9c_1_ADP_U.pdb,0,7m9c_1.pdb_7m9c_1_ADP_T.pdb,7m9c_1.pdb_7m9c_1_ADP_T.pdb,E_158;E_162;E_185;E_188;E_189;F_144;F_145;F_171;F_173;F_196;F_207;F_211;F_215;F_240;F_241;F_242;F_243;F_244;F_245;F_246;F_249;F_30;F_31;F_32;F_33;F_34;F_35;F_36;F_37;F_38;F_39;F_60;F_61;F_62;F_63;F_64;F_65;F_66;F_67;F_68;F_69;F_70;F_72;F_93;F_95,False,False,False,True,False,False,False,False,7m9c,cryo-EM,4.2,2021
7qen_1.pdb_7qen_1_ATP_G.pdb,1,7q2y_1.pdb_7q2y_1_ADP_J.pdb,7q2y_1.pdb_7q2y_1_ADP_J.pdb,A_1351;A_1381;A_1383;A_1397;A_1399;A_1402;A_1404;A_163;A_164;A_165;A_166;A_167;A_183;A_185;A_186;A_187;A_188;A_189;A_190;A_191;A_192;A_193;A_194;A_196;A_209;A_210;A_211;A_215;A_216;A_217;A_218;A_219;A_220;A_221;A_302;B_1073;B_1076;B_1078;B_1083;B_1084;B_1085;B_1086;B_1087;B_1088;B_1117,True,True,False,True,True,True,False,False,7qen,cryo-EM,3.46,2021
7q2y_1.pdb_7q2y_1_ADP_J.pdb,0,7q2y_1.pdb_7q2y_1_ADP_J.pdb,7q2y_1.pdb_7q2y_1_ADP_J.pdb,A_1073;A_1076;A_1078;A_1083;A_1084;A_1085;A_1086;A_1087;A_1088;A_1117;B_1351;B_1381;B_1383;B_1397;B_1399;B_1402;B_1404;B_163;B_164;B_165;B_166;B_167;B_183;B_185;B_186;B_187;B_188;B_189;B_190;B_191;B_192;B_193;B_194;B_196;B_209;B_210;B_211;B_215;B_216;B_217;B_218;B_219;B_220;B_221;B_302,True,True,True,True,True,True,False,False,7q2y,cryo-EM,3.0,2021
1wkl_1.pdb_1wkl_1_ATP_F1.pdb,1,1wkl_2.pdb_1wkl_2_ATP_F5.pdb,1wkl_2.pdb_1wkl_2_ATP_F5.pdb,B_10;B_102;B_108;B_109;B_11;B_110;B_111;B_112;B_113;B_114;B_115;B_116;B_117;B_118;B_119;B_122;B_125;B_126;B_45;B_48;B_49;B_5;B_51;B_52;B_55;B_56;B_57;B_58;B_59;B_6;B_60;B_61;B_62;B_64;B_65;B_7;B_84;B_85;B_88;B_89;B_9;B_90;B_91;B_92;B_93,True,True,False,True,False,False,False,False,1wkl,X-ray,2.2,2004
1wkl_1.pdb_1wkl_1_ADP_D1.pdb,0,1wkl_2.pdb_1wkl_2_ATP_F5.pdb,1wkl_2.pdb_1wkl_2_ATP_F5.pdb,A_10;A_102;A_108;A_109;A_11;A_110;A_111;A_112;A_113;A_114;A_115;A_116;A_117;A_118;A_119;A_122;A_125;A_126;A_45;A_48;A_49;A_5;A_51;A_52;A_55;A_56;A_57;A_58;A_59;A_6;A_60;A_61;A_62;A_64;A_65;A_7;A_84;A_85;A_88;A_89;A_9;A_90;A_91;A_92;A_93,False,False,False,True,False,False,False,False,1wkl,X-ray,2.2,2004
1wkl_1.pdb_1wkl_1_ADP_D2.pdb,0,1wkl_2.pdb_1wkl_2_ATP_F5.pdb,1wkl_2.pdb_1wkl_2_ATP_F5.pdb,C_10;C_102;C_108;C_109;C_11;C_110;C_111;C_112;C_113;C_114;C_115;C_116;C_117;C_118;C_119;C_122;C_125;C_126;C_45;C_48;C_49;C_5;C_51;C_52;C_55;C_56;C_57;C_58;C_59;C_6;C_60;C_61;C_62;C_64;C_65;C_7;C_84;C_85;C_88;C_89;C_9;C_90;C_91;C_92;C_93,False,False,False,True,False,False,False,False,1wkl,X-ray,2.2,2004
1wkl_1.pdb_1wkl_1_ADP_D3.pdb,0,1wkl_2.pdb_1wkl_2_ATP_F5.pdb,1wkl_2.pdb_1wkl_2_ATP_F5.pdb,E_10;E_102;E_108;E_109;E_11;E_110;E_111;E_112;E_113;E_114;E_115;E_116;E_117;E_118;E_119;E_122;E_125;E_126;E_45;E_48;E_49;E_5;E_51;E_52;E_55;E_56;E_57;E_58;E_59;E_6;E_60;E_61;E_62;E_64;E_65;E_7;E_84;E_85;E_88;E_89;E_9;E_90;E_91;E_92;E_93,False,False,False,True,False,False,False,False,1wkl,X-ray,2.2,2004
1wkl_1.pdb_1wkl_1_ATP_F2.pdb,1,1wkl_2.pdb_1wkl_2_ATP_F5.pdb,1wkl_2.pdb_1wkl_2_ATP_F5.pdb,D_10;D_102;D_108;D_109;D_11;D_110;D_111;D_112;D_113;D_114;D_115;D_116;D_117;D_118;D_119;D_122;D_125;D_126;D_45;D_48;D_49;D_5;D_51;D_52;D_55;D_56;D_57;D_58;D_59;D_6;D_60;D_61;D_62;D_64;D_65;D_7;D_84;D_85;D_88;D_89;D_9;D_90;D_91;D_92;D_93,False,False,False,True,True,False,True,False,1wkl,X-ray,2.2,2004
1wkl_1.pdb_1wkl_1_ATP_F3.pdb,1,1wkl_2.pdb_1wkl_2_ATP_F5.pdb,1wkl_2.pdb_1wkl_2_ATP_F5.pdb,F_10;F_102;F_108;F_109;F_11;F_110;F_111;F_112;F_113;F_114;F_115;F_116;F_117;F_118;F_119;F_122;F_125;F_126;F_45;F_48;F_49;F_5;F_51;F_52;F_55;F_56;F_57;F_58;F_59;F_6;F_60;F_61;F_62;F_64;F_65;F_7;F_84;F_85;F_88;F_89;F_9;F_90;F_91;F_92;F_93,False,False,False,True,True,False,True,False,1wkl,X-ray,2.2,2004
8hrz_1.pdb_8hrz_1_ADP_EA.pdb,0,8hrz_1.pdb_8hrz_1_ADP_FA.pdb,8hrz_1.pdb_8hrz_1_ADP_FA.pdb,G_201;G_204;G_205;G_206;G_207;G_208;G_209;G_245;G_246;G_247;G_248;G_249;G_250;G_251;G_252;G_253;G_254;G_255;G_256;G_302;G_304;G_305;G_346;G_347;G_348;G_369;G_370;G_372;G_376;G_379;G_380;G_381;G_383;G_384;G_407;G_408;G_409;G_410;G_411;G_412;G_413;L_236;L_359;L_360;L_361,False,False,True,True,True,False,True,False,8hrz,X-ray,2.7,2022
8hrz_1.pdb_8hrz_1_ADP_GA.pdb,0,8hrz_1.pdb_8hrz_1_ADP_FA.pdb,8hrz_1.pdb_8hrz_1_ADP_FA.pdb,H_236;H_359;H_360;H_361;I_201;I_204;I_205;I_206;I_207;I_208;I_209;I_245;I_246;I_247;I_248;I_249;I_250;I_251;I_252;I_253;I_254;I_255;I_256;I_302;I_304;I_305;I_346;I_347;I_348;I_369;I_370;I_372;I_376;I_379;I_380;I_381;I_383;I_384;I_407;I_408;I_409;I_410;I_411;I_412;I_413,False,False,True,True,True,False,True,False,8hrz,X-ray,2.7,2022
7y59_1.pdb_7y59_1_ATP_O.pdb,1,8hrz_1.pdb_8hrz_1_ADP_FA.pdb,8hrz_1.pdb_8hrz_1_ADP_FA.pdb,E_236;E_359;E_360;E_361;G_203;G_204;G_205;G_206;G_207;G_208;G_209;G_243;G_245;G_246;G_247;G_248;G_249;G_250;G_251;G_252;G_253;G_254;G_255;G_256;G_302;G_304;G_305;G_346;G_347;G_369;G_370;G_372;G_376;G_379;G_380;G_381;G_383;G_384;G_407;G_408;G_409;G_410;G_411;G_412;G_413,False,False,False,True,True,False,True,False,7y59,cryo-EM,4.51,2022
8hrz_1.pdb_8hrz_1_ADP_AA.pdb,0,8hrz_1.pdb_8hrz_1_ADP_FA.pdb,8hrz_1.pdb_8hrz_1_ADP_FA.pdb,B_236;B_359;B_360;B_361;C_203;C_204;C_205;C_206;C_207;C_208;C_209;C_243;C_245;C_246;C_247;C_248;C_249;C_250;C_251;C_252;C_253;C_254;C_255;C_256;C_302;C_304;C_305;C_346;C_347;C_369;C_370;C_372;C_376;C_379;C_380;C_381;C_383;C_384;C_407;C_408;C_409;C_410;C_411;C_412;C_413,False,False,True,True,True,False,True,False,8hrz,X-ray,2.7,2022
8fcl_1.pdb_8fcl_1_ADP_N.pdb,0,8hrz_1.pdb_8hrz_1_ADP_FA.pdb,8hrz_1.pdb_8hrz_1_ADP_FA.pdb,C_333;C_359;C_360;C_361;D_202;D_203;D_204;D_205;D_206;D_207;D_208;D_209;D_210;D_245;D_246;D_247;D_248;D_249;D_250;D_251;D_252;D_253;D_254;D_256;D_302;D_304;D_305;D_346;D_348;D_369;D_370;D_372;D_376;D_379;D_380;D_381;D_383;D_384;D_407;D_408;D_409;D_410;D_411;D_412;D_413,False,False,False,True,True,False,True,False,8fcl,cryo-EM,3.51,2022
8hrz_1.pdb_8hrz_1_ADP_Z.pdb,0,8hrz_1.pdb_8hrz_1_ADP_FA.pdb,8hrz_1.pdb_8hrz_1_ADP_FA.pdb,A_359;A_360;A_361;B_203;B_204;B_205;B_206;B_207;B_208;B_209;B_243;B_245;B_246;B_247;B_248;B_249;B_250;B_251;B_252;B_253;B_254;B_255;B_256;B_302;B_304;B_305;B_346;B_347;B_348;B_369;B_370;B_372;B_376;B_379;B_380;B_381;B_383;B_384;B_407;B_408;B_409;B_410;B_411;B_412;B_413,False,False,True,True,True,False,True,False,8hrz,X-ray,2.7,2022
7y59_1.pdb_7y59_1_ATP_S.pdb,1,8hrz_1.pdb_8hrz_1_ADP_FA.pdb,8hrz_1.pdb_8hrz_1_ADP_FA.pdb,G_359;G_360;G_361;I_201;I_204;I_205;I_206;I_207;I_208;I_209;I_210;I_243;I_245;I_246;I_247;I_248;I_249;I_250;I_251;I_252;I_253;I_254;I_255;I_256;I_302;I_304;I_305;I_346;I_347;I_348;I_369;I_372;I_376;I_379;I_380;I_381;I_383;I_384;I_407;I_408;I_409;I_410;I_411;I_412;I_413,False,False,False,True,True,False,True,False,7y59,cryo-EM,4.51,2022
8hwa_1.pdb_8hwa_1_ATP_P.pdb,1,8hwa_1.pdb_8hwa_1_ATP_K.pdb,8hwa_1.pdb_8hwa_1_ATP_K.pdb,D_460;D_461;D_463;D_464;D_465;D_466;D_467;D_468;D_501;D_503;D_504;D_505;D_506;D_507;D_508;D_509;D_510;D_511;D_512;D_513;D_514;D_603;D_604;D_605;D_628;D_629;D_630;D_631;D_632;D_649;D_650;D_651;D_652;D_653;D_654;D_655;D_656;D_657;D_659;E_575;E_614;E_615;E_616;E_619;E_620,True,True,True,True,False,False,False,False,8hwa,cryo-EM,3.7,2022
8hwa_1.pdb_8hwa_1_ADP_R.pdb,0,8hwa_1.pdb_8hwa_1_ATP_K.pdb,8hwa_1.pdb_8hwa_1_ATP_K.pdb,E_460;E_461;E_463;E_464;E_465;E_466;E_467;E_468;E_501;E_503;E_504;E_505;E_506;E_507;E_508;E_509;E_510;E_511;E_512;E_513;E_514;E_603;E_604;E_605;E_628;E_629;E_630;E_631;E_632;E_649;E_650;E_651;E_652;E_653;E_654;E_655;E_656;E_657;E_659;F_575;F_614;F_615;F_616;F_619;F_620,False,False,True,True,False,False,False,False,8hwa,cryo-EM,3.7,2022
7qhs_1.pdb_7qhs_1_ATP_P.pdb,1,8kg9_1.pdb_8kg9_1_ADP_V.pdb,8kg9_1.pdb_8kg9_1_ADP_V.pdb,A_504;A_505;A_506;A_507;A_508;A_543;A_544;A_545;A_546;A_547;A_548;A_549;A_550;A_551;A_552;A_553;A_554;A_607;A_608;A_649;A_650;A_651;A_683;A_695;A_696;A_698;A_699;A_702;A_703;D_563;D_564;D_565;D_566;D_653;D_657;D_658;D_704;D_707;D_708;D_796;D_797;D_798;D_799;D_801;D_805,False,False,False,True,False,False,False,False,7qhs,not recorded,,2021
8kg6_1.pdb_8kg6_1_ADP_V.pdb,0,8kg9_1.pdb_8kg9_1_ADP_V.pdb,8kg9_1.pdb_8kg9_1_ADP_V.pdb,A_504;A_505;A_506;A_507;A_508;A_543;A_544;A_545;A_546;A_547;A_548;A_549;A_550;A_551;A_552;A_553;A_554;A_607;A_608;A_649;A_650;A_651;A_683;A_695;A_696;A_698;A_699;A_702;A_703;E_563;E_564;E_565;E_566;E_653;E_657;E_658;E_704;E_707;E_708;E_796;E_797;E_798;E_799;E_801;E_805,True,True,True,True,False,False,False,False,8kg6,not recorded,,2023
1mv5_1.pdb_1mv5_1_ATP_E.pdb,1,1mv5_1.pdb_1mv5_1_ADP_F.pdb,1mv5_1.pdb_1mv5_1_ADP_F.pdb,A_350;A_351;A_352;A_353;A_354;A_355;A_356;A_357;A_358;A_359;A_374;A_375;A_376;A_377;A_378;A_379;A_380;A_381;A_382;A_383;A_384;A_385;A_386;A_387;A_388;A_393;A_505;A_535;A_537;A_551;A_552;A_553;A_554;C_2468;C_2471;C_2473;D_3352;D_3353;D_3354;D_3355;D_3356;D_3357;D_3358;D_3393,False,False,False,True,False,False,False,False,1mv5,X-ray,3.1,2002
1mv5_1.pdb_1mv5_1_ADP_F.pdb,0,1mv5_1.pdb_1mv5_1_ADP_F.pdb,1mv5_1.pdb_1mv5_1_ADP_F.pdb,A_468;A_471;A_473;B_1350;B_1351;B_1352;B_1353;B_1354;B_1355;B_1356;B_1357;B_1358;B_1359;B_1374;B_1375;B_1376;B_1377;B_1378;B_1379;B_1380;B_1381;B_1382;B_1383;B_1384;B_1385;B_1386;B_1387;B_1388;B_1393;B_1505;B_1535;B_1537;B_1551;B_1552;B_1553;B_1554;C_2352;C_2353;C_2354;C_2355;C_2356;C_2357;C_2358;C_2393,True,True,True,True,False,False,False,False,1mv5,X-ray,3.1,2002
3ll5_1.pdb_3ll5_1_ATP_I.pdb,1,3ll5_1.pdb_3ll5_1_ADP_E.pdb,3ll5_1.pdb_3ll5_1_ADP_E.pdb,B_10;B_11;B_12;B_142;B_143;B_144;B_161;B_162;B_163;B_164;B_165;B_166;B_167;B_168;B_169;B_170;B_171;B_172;B_173;B_174;B_175;B_176;B_179;B_180;B_181;B_182;B_202;B_203;B_204;B_205;B_206;B_222;B_242;B_43;B_44;B_45;B_46;B_47;B_5;B_50;B_6;B_7;B_8;B_9,False,False,True,True,True,False,True,False,3ll5,X-ray,1.99,2010
3ll5_1.pdb_3ll5_1_ADP_E.pdb,0,3ll5_1.pdb_3ll5_1_ADP_E.pdb,3ll5_1.pdb_3ll5_1_ADP_E.pdb,A_10;A_11;A_12;A_142;A_143;A_144;A_161;A_162;A_163;A_164;A_165;A_166;A_167;A_168;A_169;A_170;A_171;A_172;A_173;A_174;A_175;A_176;A_179;A_180;A_181;A_182;A_202;A_203;A_204;A_205;A_206;A_222;A_242;A_43;A_44;A_45;A_46;A_47;A_5;A_50;A_6;A_7;A_8;A_9,False,False,False,True,True,False,True,False,3ll5,X-ray,1.99,2010
5x8b_1.pdb_5x8b_1_ATP_C.pdb,1,5x8b_1.pdb_5x8b_1_ADP_L.pdb,5x8b_1.pdb_5x8b_1_ADP_L.pdb,A_10;A_11;A_12;A_128;A_129;A_13;A_130;A_131;A_132;A_136;A_137;A_14;A_15;A_16;A_162;A_17;A_176;A_177;A_178;A_179;A_18;A_180;A_181;A_182;A_184;A_185;A_186;A_189;A_19;A_20;A_21;A_22;A_37;A_38;A_39;A_40;A_48;A_8;A_89;A_9;A_90;A_91;A_95;A_99,True,True,False,True,True,True,False,False,5x8b,X-ray,1.39,2017
5x8b_1.pdb_5x8b_1_ADP_L.pdb,0,5x8b_1.pdb_5x8b_1_ADP_L.pdb,5x8b_1.pdb_5x8b_1_ADP_L.pdb,B_10;B_11;B_12;B_128;B_129;B_13;B_130;B_131;B_132;B_136;B_137;B_14;B_15;B_16;B_162;B_17;B_176;B_177;B_178;B_179;B_18;B_180;B_181;B_182;B_184;B_185;B_186;B_189;B_19;B_20;B_21;B_22;B_37;B_38;B_39;B_40;B_48;B_8;B_89;B_9;B_90;B_91;B_95;B_99,True,True,False,True,True,True,False,False,5x8b,X-ray,1.39,2017
5xmi_1.pdb_5xmi_1_ATP_G.pdb,1,5xmk_1.pdb_5xmk_1_ATP_S.pdb,5xmk_1.pdb_5xmk_1_ATP_S.pdb,B_130;B_131;B_133;B_134;B_135;B_136;B_137;B_138;B_142;B_171;B_172;B_173;B_174;B_175;B_176;B_177;B_178;B_179;B_180;B_181;B_182;B_183;B_184;B_230;B_232;B_275;B_276;B_277;B_296;B_299;B_303;B_304;B_306;B_307;B_308;B_310;B_311;B_335;B_336;B_337;B_338;B_339;B_340;B_341,False,False,True,True,True,False,True,True,5xmi,cryo-EM,3.9,2017
6ap1_1.pdb_6ap1_1_ADP_EA.pdb,0,5xmk_1.pdb_5xmk_1_ATP_S.pdb,5xmk_1.pdb_5xmk_1_ATP_S.pdb,E_130;E_131;E_133;E_134;E_135;E_136;E_137;E_138;E_142;E_171;E_172;E_173;E_174;E_175;E_176;E_177;E_178;E_179;E_180;E_181;E_182;E_183;E_184;E_230;E_232;E_275;E_276;E_277;E_296;E_299;E_303;E_304;E_306;E_307;E_308;E_310;E_311;E_335;E_336;E_337;E_338;E_339;E_340;E_341,False,False,True,True,True,False,True,True,6ap1,cryo-EM,3.2,2017
5xmk_1.pdb_5xmk_1_ATP_R.pdb,1,5xmk_1.pdb_5xmk_1_ATP_S.pdb,5xmk_1.pdb_5xmk_1_ATP_S.pdb,D_257;D_261;D_262;D_285;D_288;D_289;E_130;E_133;E_134;E_135;E_136;E_137;E_171;E_173;E_174;E_175;E_176;E_177;E_178;E_179;E_180;E_181;E_182;E_183;E_184;E_230;E_232;E_275;E_276;E_277;E_296;E_299;E_303;E_306;E_307;E_310;E_311;E_335;E_336;E_337;E_338;E_339;E_340;E_341,False,False,False,True,False,False,False,False,5xmk,cryo-EM,4.18,2017
6ap1_1.pdb_6ap1_1_ADP_Z.pdb,0,5xmk_1.pdb_5xmk_1_ATP_S.pdb,5xmk_1.pdb_5xmk_1_ATP_S.pdb,C_130;C_133;C_134;C_135;C_136;C_137;C_171;C_173;C_174;C_175;C_176;C_177;C_178;C_179;C_180;C_181;C_182;C_183;C_184;C_230;C_232;C_275;C_276;C_277;C_296;C_299;C_303;C_306;C_307;C_310;C_311;C_335;C_336;C_337;C_338;C_339;C_340;C_341;D_257;D_261;D_262;D_285;D_288;D_289,True,True,False,True,False,False,False,False,6ap1,cryo-EM,3.2,2017
6asy_1.pdb_6asy_1_ATP_V.pdb,1,6asy_1.pdb_6asy_1_ATP_V.pdb,6asy_1.pdb_6asy_1_ATP_V.pdb,B_201;B_224;B_225;B_226;B_227;B_228;B_231;B_254;B_255;B_256;B_257;B_258;B_259;B_293;B_296;B_297;B_298;B_299;B_300;B_301;B_327;B_34;B_35;B_36;B_362;B_363;B_364;B_365;B_366;B_367;B_368;B_369;B_37;B_38;B_39;B_390;B_391;B_392;B_394;B_40;B_41;B_61;B_64;B_96,False,False,True,True,False,False,False,False,6asy,X-ray,1.85,2017
7a4v_1.pdb_7a4v_1_ADP_B1.pdb,0,6asy_1.pdb_6asy_1_ATP_V.pdb,6asy_1.pdb_6asy_1_ATP_V.pdb,A_201;A_224;A_225;A_226;A_227;A_228;A_231;A_254;A_255;A_256;A_257;A_258;A_259;A_293;A_296;A_297;A_298;A_299;A_300;A_301;A_327;A_34;A_35;A_36;A_362;A_363;A_364;A_365;A_366;A_367;A_368;A_369;A_37;A_38;A_39;A_390;A_391;A_392;A_394;A_40;A_41;A_61;A_64;A_96,False,True,False,True,False,False,False,False,7a4v,X-ray,1.94,2020
7a4v_1.pdb_7a4v_1_ADP_B2.pdb,0,6asy_1.pdb_6asy_1_ATP_V.pdb,6asy_1.pdb_6asy_1_ATP_V.pdb,B_201;B_224;B_225;B_226;B_227;B_228;B_231;B_254;B_255;B_256;B_257;B_258;B_259;B_293;B_296;B_297;B_298;B_299;B_300;B_301;B_327;B_34;B_35;B_36;B_362;B_363;B_364;B_365;B_366;B_367;B_368;B_369;B_37;B_38;B_39;B_390;B_391;B_392;B_394;B_40;B_41;B_61;B_64;B_96,False,False,False,True,True,False,True,False,7a4v,X-ray,1.94,2020
6he4_1.pdb_6he4_1_ATP_G.pdb,1,6he4_1.pdb_6he4_1_ATP_K.pdb,6he4_1.pdb_6he4_1_ATP_K.pdb,A_138;A_142;A_143;A_144;A_145;A_146;A_182;A_183;A_184;A_185;A_186;A_187;A_188;A_189;A_190;A_191;A_239;A_241;A_242;A_286;A_287;A_288;A_312;A_316;A_319;A_320;A_323;A_324;A_347;A_348;A_349;A_350;A_351;A_352;A_353;B_176;B_269;B_270;B_273;B_274;B_299;B_300;B_301;B_302,True,True,True,True,True,True,False,True,6he4,cryo-EM,4.85,2018
6he4_1.pdb_6he4_1_ATP_K.pdb,1,6he4_1.pdb_6he4_1_ATP_K.pdb,6he4_1.pdb_6he4_1_ATP_K.pdb,C_138;C_142;C_143;C_144;C_145;C_146;C_182;C_183;C_184;C_185;C_186;C_187;C_188;C_189;C_190;C_191;C_241;C_242;C_286;C_287;C_288;C_312;C_316;C_319;C_320;C_321;C_323;C_324;C_347;C_348;C_349;C_350;C_351;C_352;C_353;D_173;D_176;D_269;D_273;D_274;D_299;D_300;D_301;D_302,True,True,True,True,True,True,False,True,6he4,cryo-EM,4.85,2018
6w23_1.pdb_6w23_1_ATP_P.pdb,1,6w23_1.pdb_6w23_1_ATP_J.pdb,6w23_1.pdb_6w23_1_ATP_J.pdb,D_205;D_206;D_207;D_335;D_336;D_339;E_186;E_187;E_188;E_189;E_190;E_191;E_192;E_214;E_215;E_216;E_217;E_218;E_219;E_220;E_221;E_222;E_223;E_225;E_283;E_285;E_286;E_321;E_322;E_323;E_349;E_353;E_354;E_356;E_357;E_358;E_360;E_361;E_365;E_393;E_395;E_396;E_399;E_400,False,False,True,True,True,False,True,True,6w23,cryo-EM,3.1,2020
6w23_1.pdb_6w23_1_ADP_H.pdb,0,6w23_1.pdb_6w23_1_ATP_J.pdb,6w23_1.pdb_6w23_1_ATP_J.pdb,A_186;A_187;A_188;A_189;A_190;A_191;A_192;A_214;A_215;A_216;A_217;A_218;A_219;A_220;A_221;A_222;A_223;A_225;A_283;A_285;A_286;A_321;A_322;A_323;A_349;A_353;A_354;A_356;A_357;A_358;A_360;A_361;A_365;A_393;A_395;A_396;A_399;A_400;F_205;F_206;F_207;F_335;F_336;F_339,False,False,True,True,True,False,True,True,6w23,cryo-EM,3.1,2020
7bkp_1.pdb_7bkp_1_ATP_E.pdb,1,7bkp_1.pdb_7bkp_1_ATP_E.pdb,7bkp_1.pdb_7bkp_1_ATP_E.pdb,A_307;A_308;A_309;A_310;A_311;A_312;A_313;A_314;A_328;A_329;A_330;A_331;A_332;A_333;A_334;A_335;A_336;A_337;A_338;A_339;A_340;A_341;A_342;A_369;A_372;A_373;A_376;A_377;A_381;A_444;A_445;A_488;A_489;A_490;A_532;A_533;A_794;A_795;A_796;A_797;A_798;A_799;A_800;A_824,True,True,True,True,False,False,False,False,7bkp,cryo-EM,2.8,2021
7nga_1.pdb_7nga_1_ADP_E.pdb,0,7bkp_1.pdb_7bkp_1_ATP_E.pdb,7bkp_1.pdb_7bkp_1_ATP_E.pdb,A_307;A_308;A_309;A_310;A_311;A_312;A_313;A_314;A_328;A_329;A_330;A_331;A_332;A_333;A_334;A_335;A_336;A_337;A_338;A_339;A_340;A_341;A_342;A_369;A_372;A_373;A_376;A_377;A_381;A_444;A_445;A_488;A_489;A_490;A_532;A_533;A_794;A_795;A_796;A_797;A_798;A_799;A_800;A_824,False,False,False,True,False,False,False,False,7nga,cryo-EM,3.9,2021
7qen_1.pdb_7qen_1_ATP_I.pdb,1,7q2y_1.pdb_7q2y_1_ADP_J.pdb,7q2y_1.pdb_7q2y_1_ADP_J.pdb,A_1312;A_1315;A_1318;A_1322;A_1323;A_1324;A_1325;A_1326;A_1327;A_1356;B_11;B_1112;B_1142;B_1144;B_1158;B_1160;B_1163;B_1165;B_12;B_13;B_14;B_147;B_31;B_32;B_33;B_34;B_35;B_36;B_37;B_38;B_39;B_40;B_41;B_42;B_43;B_57;B_58;B_63;B_64;B_65;B_66;B_67;B_68;B_69,True,True,True,True,True,True,False,False,7qen,cryo-EM,3.46,2021
7q2y_1.pdb_7q2y_1_ADP_G.pdb,0,7q2y_1.pdb_7q2y_1_ADP_J.pdb,7q2y_1.pdb_7q2y_1_ADP_J.pdb,A_11;A_1112;A_1142;A_1144;A_1158;A_1160;A_1163;A_1165;A_12;A_13;A_14;A_147;A_31;A_32;A_33;A_34;A_35;A_36;A_37;A_38;A_39;A_40;A_41;A_42;A_43;A_57;A_58;A_63;A_64;A_65;A_66;A_67;A_68;A_69;B_1312;B_1315;B_1318;B_1322;B_1323;B_1324;B_1325;B_1326;B_1327;B_1356,True,True,False,True,True,True,False,False,7q2y,cryo-EM,3.0,2021
7tmo_1.pdb_7tmo_1_ATP_P.pdb,1,7tmo_1.pdb_7tmo_1_ADP_R.pdb,7tmo_1.pdb_7tmo_1_ADP_R.pdb,A_237;A_256;A_257;A_258;A_259;A_260;A_261;A_262;A_263;A_264;A_265;A_267;A_268;A_286;A_289;A_359;A_415;A_417;A_441;A_446;A_449;A_450;A_451;A_452;A_453;A_528;A_529;A_530;A_531;A_532;A_535;B_146;B_351;B_352;B_353;B_354;B_355;B_379;B_380;B_381;B_382;B_383;B_384;B_401,True,True,False,True,False,False,False,False,7tmo,cryo-EM,3.3,2022
7tmm_1.pdb_7tmm_1_ADP_Q.pdb,0,7tmo_1.pdb_7tmo_1_ADP_R.pdb,7tmo_1.pdb_7tmo_1_ADP_R.pdb,A_237;A_256;A_257;A_258;A_259;A_260;A_261;A_262;A_263;A_264;A_265;A_267;A_268;A_286;A_289;A_359;A_415;A_417;A_441;A_446;A_449;A_450;A_451;A_452;A_453;A_528;A_529;A_530;A_531;A_532;A_535;B_146;B_351;B_352;B_353;B_354;B_355;B_379;B_380;B_381;B_382;B_383;B_384;B_401,False,False,True,True,False,False,False,False,7tmm,cryo-EM,3.5,2022
8daw_1.pdb_8daw_1_ATP_O.pdb,1,8dat_1.pdb_8dat_1_ATP_T.pdb,8dat_1.pdb_8dat_1_ATP_T.pdb,B_213;B_214;B_215;B_216;B_217;B_218;B_219;B_255;B_256;B_257;B_258;B_259;B_260;B_261;B_262;B_263;B_264;B_265;B_280;B_312;B_314;B_315;B_356;B_357;B_379;B_382;B_386;B_389;B_390;B_391;B_393;B_394;B_417;B_418;B_419;B_420;B_421;B_422;B_423;C_343;C_369;C_370;C_371;C_372,False,False,True,True,True,False,True,True,8daw,cryo-EM,3.6,2022
8fcl_1.pdb_8fcl_1_ADP_L.pdb,0,8hrz_1.pdb_8hrz_1_ADP_FA.pdb,8hrz_1.pdb_8hrz_1_ADP_FA.pdb,B_236;B_333;B_359;B_360;B_361;C_201;C_203;C_204;C_205;C_206;C_207;C_208;C_209;C_210;C_245;C_246;C_247;C_248;C_249;C_250;C_251;C_252;C_253;C_254;C_256;C_302;C_304;C_305;C_346;C_369;C_372;C_376;C_379;C_380;C_381;C_383;C_384;C_407;C_408;C_409;C_410;C_411;C_412;C_413,False,False,False,True,True,False,True,False,8fcl,cryo-EM,3.51,2022
8hwa_1.pdb_8hwa_1_ATP_N.pdb,1,8hwa_1.pdb_8hwa_1_ATP_K.pdb,8hwa_1.pdb_8hwa_1_ATP_K.pdb,C_460;C_461;C_463;C_464;C_465;C_466;C_467;C_468;C_503;C_504;C_505;C_506;C_507;C_508;C_509;C_510;C_511;C_512;C_513;C_514;C_603;C_604;C_605;C_626;C_628;C_629;C_630;C_631;C_649;C_650;C_651;C_652;C_653;C_654;C_655;C_656;C_657;C_659;D_575;D_614;D_615;D_616;D_619;D_620,True,True,True,True,False,False,False,False,8hwa,cryo-EM,3.7,2022
7qhs_1.pdb_7qhs_1_ATP_R.pdb,1,8kg9_1.pdb_8kg9_1_ADP_V.pdb,8kg9_1.pdb_8kg9_1_ADP_V.pdb,B_370;B_371;B_372;B_373;B_374;B_409;B_410;B_411;B_412;B_413;B_414;B_415;B_416;B_417;B_418;B_473;B_474;B_515;B_516;B_517;B_549;B_551;B_557;B_561;B_564;B_565;B_568;B_569;M_404;M_405;M_406;M_407;M_494;M_498;M_499;M_545;M_548;M_549;M_649;M_650;M_651;M_652;M_654;M_658,True,True,False,True,True,True,False,False,7qhs,not recorded,,2021
8kg6_1.pdb_8kg6_1_ADP_X.pdb,0,8kg9_1.pdb_8kg9_1_ADP_V.pdb,8kg9_1.pdb_8kg9_1_ADP_V.pdb,B_370;B_371;B_372;B_373;B_374;B_409;B_410;B_411;B_412;B_413;B_414;B_415;B_416;B_417;B_418;B_473;B_474;B_515;B_516;B_517;B_549;B_551;B_557;B_561;B_564;B_565;B_568;B_569;D_404;D_405;D_406;D_407;D_494;D_498;D_499;D_545;D_548;D_549;D_649;D_650;D_651;D_652;D_654;D_658,True,True,False,True,True,True,False,False,8kg6,not recorded,,2023
6v11_1.pdb_6v11_1_ADP_J.pdb,0,3m6a_1.pdb_3m6a_1_ADP_G.pdb,3m6a_1.pdb_3m6a_1_ADP_G.pdb,E_320;E_322;E_323;E_324;E_325;E_326;E_327;E_331;E_354;E_356;E_357;E_358;E_359;E_360;E_361;E_362;E_363;E_364;E_365;E_366;E_379;E_423;E_471;E_472;E_473;E_490;E_493;E_497;E_500;E_501;E_502;E_504;E_505;E_506;E_509;E_510;E_513;E_540;E_541;E_542;E_543;E_545;F_483,False,False,True,True,False,False,False,False,6v11,cryo-EM,3.8,2019
3ty5_1.pdb_3ty5_1_ATP_C.pdb,1,3ty5_1.pdb_3ty5_1_ADP_D.pdb,3ty5_1.pdb_3ty5_1_ADP_D.pdb,A_493;A_494;A_495;A_496;A_497;A_528;A_529;A_530;A_531;A_532;A_533;A_534;A_535;A_536;A_537;A_565;A_605;A_606;A_607;A_609;A_686;A_702;A_703;A_704;A_705;A_723;A_740;A_741;A_742;A_769;A_771;A_772;A_773;A_774;A_790;A_792;A_794;A_798;A_824;A_862;A_868;A_869;A_870,False,False,False,True,True,False,True,False,3ty5,X-ray,2.4,2011
3ty5_1.pdb_3ty5_1_ADP_D.pdb,0,3ty5_1.pdb_3ty5_1_ADP_D.pdb,3ty5_1.pdb_3ty5_1_ADP_D.pdb,B_493;B_494;B_495;B_496;B_497;B_528;B_529;B_530;B_531;B_532;B_533;B_534;B_535;B_536;B_537;B_565;B_605;B_606;B_607;B_609;B_686;B_702;B_703;B_704;B_705;B_723;B_740;B_741;B_742;B_769;B_771;B_772;B_773;B_774;B_790;B_792;B_794;B_798;B_824;B_862;B_868;B_869;B_870,False,False,False,True,True,False,True,False,3ty5,X-ray,2.4,2011
5lqz_1.pdb_5lqz_1_ATP_EA.pdb,1,5dn6_1.pdb_5dn6_1_ATP_LA.pdb,5dn6_1.pdb_5dn6_1_ATP_LA.pdb,B_171;B_172;B_173;B_174;B_175;B_176;B_177;B_178;B_179;B_180;B_181;B_182;B_183;B_214;B_271;B_272;B_328;B_330;B_331;B_359;B_362;B_363;B_364;B_365;B_366;B_430;B_431;B_432;B_433;B_434;B_435;B_436;E_327;E_328;E_330;E_331;E_355;E_356;E_357;E_358;E_359;E_360;E_361,True,True,False,True,True,True,False,False,5lqz,cryo-EM,7.0,2016
5lqz_1.pdb_5lqz_1_ADP_IA.pdb,0,5dn6_1.pdb_5dn6_1_ATP_LA.pdb,5dn6_1.pdb_5dn6_1_ATP_LA.pdb,D_171;D_172;D_173;D_174;D_175;D_176;D_177;D_178;D_179;D_180;D_181;D_182;D_183;D_214;D_271;D_272;D_328;D_330;D_331;D_359;D_362;D_363;D_364;D_365;D_366;D_430;D_431;D_432;D_433;D_434;D_435;D_436;G_327;G_328;G_330;G_331;G_355;G_356;G_357;G_358;G_359;G_360;G_361,True,True,False,True,True,True,False,False,5lqz,cryo-EM,7.0,2016
6byr_2.pdb_6byr_2_ATP_E.pdb,1,5jr7_2.pdb_5jr7_2_ADP_F.pdb,5jr7_2.pdb_5jr7_2_ADP_F.pdb,A_104;A_105;A_106;A_107;A_108;A_109;A_110;A_111;A_112;A_113;A_124;A_125;A_126;A_127;A_129;A_146;A_159;A_174;A_175;A_176;A_177;A_178;A_180;A_181;A_182;A_219;A_221;A_223;A_224;A_225;A_226;A_227;A_228;A_237;A_238;A_239;A_240;A_241;A_242;A_382;A_385;B_96;B_97,True,True,False,True,False,False,False,False,6byr,X-ray,3.66,2017
5jr7_2.pdb_5jr7_2_ADP_F.pdb,0,5jr7_2.pdb_5jr7_2_ADP_F.pdb,5jr7_2.pdb_5jr7_2_ADP_F.pdb,A_104;A_119;A_120;A_121;A_122;A_123;A_125;A_126;A_127;A_164;A_166;A_168;A_169;A_170;A_171;A_172;A_173;A_182;A_183;A_184;A_185;A_186;A_187;A_327;A_330;A_49;A_50;A_51;A_52;A_53;A_54;A_55;A_56;A_57;A_58;A_69;A_70;A_71;A_72;A_74;A_91;B_96;B_97,False,False,False,True,False,False,False,False,5jr7,X-ray,3.56,2016
2xzw_3.pdb_2xzw_3_ATP_BA.pdb,1,5l9n_1.pdb_5l9n_1_ATP_B3.pdb,5l9n_1.pdb_5l9n_1_ATP_B3.pdb,A_101;A_102;A_103;A_104;A_106;A_111;A_112;A_113;A_25;A_26;A_27;A_28;A_29;A_30;A_4;A_62;A_63;A_64;A_65;A_99;C_33;C_34;C_35;C_36;C_37;C_38;C_39;C_5;C_55;C_56;C_57;C_58;C_7;C_8;C_84;C_85;C_86;C_87;C_88;C_89;C_9;C_90;C_92,True,True,False,True,False,False,False,False,2xzw,X-ray,1.95,2010
4c3k_2.pdb_4c3k_2_ADP_H.pdb,0,5l9n_1.pdb_5l9n_1_ATP_B3.pdb,5l9n_1.pdb_5l9n_1_ATP_B3.pdb,A_101;A_102;A_103;A_104;A_106;A_111;A_112;A_113;A_25;A_26;A_27;A_28;A_29;A_30;A_4;A_62;A_63;A_64;A_65;A_99;C_33;C_34;C_35;C_36;C_37;C_38;C_39;C_5;C_55;C_56;C_57;C_58;C_7;C_8;C_84;C_85;C_86;C_87;C_88;C_89;C_9;C_90;C_92,False,False,False,True,False,False,False,False,4c3k,X-ray,3.1,2013
2xzw_3.pdb_2xzw_3_ATP_X.pdb,1,5l9n_1.pdb_5l9n_1_ATP_B3.pdb,5l9n_1.pdb_5l9n_1_ATP_B3.pdb,A_33;A_34;A_35;A_36;A_37;A_38;A_39;A_55;A_56;A_57;A_58;A_59;A_7;A_8;A_84;A_85;A_86;A_87;A_88;A_89;A_9;A_90;A_92;B_100;B_101;B_102;B_103;B_104;B_106;B_25;B_26;B_27;B_28;B_29;B_3;B_30;B_4;B_61;B_62;B_63;B_64;B_65;B_99,False,False,False,True,True,False,True,False,2xzw,X-ray,1.95,2010
4co4_1.pdb_4co4_1_ATP_D.pdb,1,5l9n_1.pdb_5l9n_1_ATP_B3.pdb,5l9n_1.pdb_5l9n_1_ATP_B3.pdb,A_33;A_35;A_36;A_5;A_57;A_58;A_59;A_6;A_7;A_8;A_83;A_84;A_85;A_86;A_87;A_88;A_89;A_9;A_90;A_91;A_92;C_1;C_100;C_101;C_102;C_103;C_104;C_106;C_25;C_26;C_27;C_28;C_29;C_3;C_30;C_4;C_61;C_62;C_63;C_64;C_65;C_66;C_96,False,False,False,True,True,False,True,False,4co4,X-ray,1.5,2014
4co0_2.pdb_4co0_2_ADP_D2.pdb,0,5l9n_1.pdb_5l9n_1_ATP_B3.pdb,5l9n_1.pdb_5l9n_1_ATP_B3.pdb,A_1;A_100;A_101;A_102;A_103;A_104;A_106;A_25;A_26;A_27;A_28;A_29;A_3;A_30;A_4;A_61;A_62;A_63;A_64;A_65;A_66;A_96;B_33;B_35;B_36;B_5;B_57;B_58;B_59;B_6;B_7;B_8;B_83;B_84;B_85;B_86;B_87;B_88;B_89;B_9;B_90;B_91;B_92,False,False,False,True,True,False,True,False,4co0,X-ray,1.4,2014
4co0_2.pdb_4co0_2_ADP_D3.pdb,0,5l9n_1.pdb_5l9n_1_ATP_B3.pdb,5l9n_1.pdb_5l9n_1_ATP_B3.pdb,B_1;B_100;B_101;B_102;B_103;B_104;B_106;B_25;B_26;B_27;B_28;B_29;B_3;B_30;B_4;B_61;B_62;B_63;B_64;B_65;B_66;B_96;C_33;C_35;C_36;C_5;C_57;C_58;C_59;C_6;C_7;C_8;C_83;C_84;C_85;C_86;C_87;C_88;C_89;C_9;C_90;C_91;C_92,False,False,False,True,True,False,True,False,4co0,X-ray,1.4,2014
4co4_1.pdb_4co4_1_ATP_G.pdb,1,5l9n_1.pdb_5l9n_1_ATP_B3.pdb,5l9n_1.pdb_5l9n_1_ATP_B3.pdb,A_1;A_100;A_101;A_102;A_103;A_104;A_106;A_25;A_26;A_27;A_28;A_29;A_3;A_30;A_4;A_61;A_62;A_63;A_64;A_65;A_66;A_96;B_33;B_35;B_36;B_5;B_57;B_58;B_59;B_6;B_7;B_8;B_83;B_84;B_85;B_86;B_87;B_88;B_89;B_9;B_90;B_91;B_92,False,False,False,True,True,False,True,False,4co4,X-ray,1.5,2014
6ap1_1.pdb_6ap1_1_ADP_T.pdb,0,5xmk_1.pdb_5xmk_1_ATP_S.pdb,5xmk_1.pdb_5xmk_1_ATP_S.pdb,A_130;A_131;A_132;A_133;A_134;A_135;A_136;A_137;A_138;A_142;A_172;A_173;A_174;A_175;A_176;A_177;A_178;A_179;A_180;A_181;A_182;A_183;A_184;A_230;A_232;A_275;A_276;A_277;A_296;A_299;A_303;A_306;A_307;A_310;A_311;A_335;A_336;A_337;A_338;A_339;A_340;A_341;B_261,True,True,False,True,False,False,False,False,6ap1,cryo-EM,3.2,2017
5xmi_1.pdb_5xmi_1_ATP_J.pdb,1,5xmk_1.pdb_5xmk_1_ATP_S.pdb,5xmk_1.pdb_5xmk_1_ATP_S.pdb,D_257;D_261;D_262;D_285;D_288;D_289;E_130;E_133;E_134;E_135;E_136;E_137;E_142;E_173;E_174;E_175;E_176;E_177;E_178;E_179;E_180;E_181;E_182;E_183;E_184;E_230;E_232;E_275;E_276;E_277;E_296;E_299;E_303;E_306;E_307;E_310;E_311;E_335;E_336;E_337;E_338;E_339;E_340,False,False,True,True,False,False,False,False,5xmi,cryo-EM,3.9,2017
5xmk_1.pdb_5xmk_1_ATP_P.pdb,1,5xmk_1.pdb_5xmk_1_ATP_S.pdb,5xmk_1.pdb_5xmk_1_ATP_S.pdb,B_257;B_261;B_285;B_288;B_289;C_130;C_133;C_134;C_135;C_136;C_137;C_173;C_174;C_175;C_176;C_177;C_178;C_179;C_180;C_181;C_182;C_183;C_184;C_230;C_232;C_275;C_276;C_277;C_296;C_297;C_299;C_303;C_306;C_307;C_310;C_311;C_335;C_336;C_337;C_338;C_339;C_340;C_341,False,False,False,True,False,False,False,False,5xmk,cryo-EM,4.18,2017
5xmk_1.pdb_5xmk_1_ATP_Q.pdb,1,5xmk_1.pdb_5xmk_1_ATP_S.pdb,5xmk_1.pdb_5xmk_1_ATP_S.pdb,C_257;C_261;C_262;C_285;C_288;C_289;D_130;D_133;D_134;D_135;D_136;D_137;D_171;D_173;D_174;D_175;D_176;D_177;D_178;D_179;D_180;D_181;D_182;D_183;D_184;D_230;D_232;D_275;D_276;D_277;D_296;D_297;D_299;D_303;D_306;D_307;D_310;D_335;D_336;D_337;D_338;D_340;D_341,False,False,False,True,False,False,False,False,5xmk,cryo-EM,4.18,2017
6asy_1.pdb_6asy_1_ATP_H.pdb,1,6asy_1.pdb_6asy_1_ATP_V.pdb,6asy_1.pdb_6asy_1_ATP_V.pdb,A_201;A_224;A_225;A_226;A_227;A_228;A_231;A_254;A_255;A_256;A_257;A_258;A_259;A_293;A_296;A_297;A_298;A_299;A_300;A_301;A_327;A_34;A_35;A_36;A_362;A_363;A_364;A_365;A_366;A_367;A_368;A_369;A_37;A_38;A_39;A_390;A_391;A_392;A_394;A_40;A_61;A_64;A_96,False,False,False,True,False,False,False,False,6asy,X-ray,1.85,2017
6hed_1.pdb_6hed_1_ATP_IA.pdb,1,6hed_1.pdb_6hed_1_ATP_MA.pdb,6hed_1.pdb_6hed_1_ATP_MA.pdb,c_138;c_142;c_143;c_144;c_145;c_146;c_182;c_183;c_184;c_185;c_186;c_187;c_188;c_189;c_190;c_191;c_193;c_241;c_242;c_286;c_288;c_312;c_319;c_320;c_321;c_323;c_324;c_347;c_348;c_349;c_350;c_351;c_352;c_353;d_266;d_269;d_273;d_274;d_275;d_299;d_300;d_301;d_302,True,True,False,True,True,True,False,False,6hed,cryo-EM,6.95,2018
6hed_1.pdb_6hed_1_ADP_KA.pdb,0,6hed_1.pdb_6hed_1_ATP_MA.pdb,6hed_1.pdb_6hed_1_ATP_MA.pdb,d_138;d_142;d_143;d_144;d_145;d_146;d_182;d_183;d_184;d_185;d_186;d_187;d_188;d_189;d_190;d_191;d_193;d_241;d_242;d_286;d_288;d_312;d_319;d_320;d_321;d_323;d_324;d_347;d_348;d_349;d_350;d_351;d_352;d_353;h_266;h_269;h_273;h_274;h_275;h_299;h_300;h_301;h_302,True,True,False,True,True,True,False,False,6hed,cryo-EM,6.95,2018
6hed_1.pdb_6hed_1_ATP_OA.pdb,1,6hed_1.pdb_6hed_1_ATP_MA.pdb,6hed_1.pdb_6hed_1_ATP_MA.pdb,f_142;f_143;f_144;f_145;f_146;f_183;f_184;f_185;f_186;f_187;f_188;f_189;f_190;f_191;f_241;f_242;f_286;f_288;f_312;f_316;f_319;f_320;f_321;f_323;f_324;f_347;f_348;f_349;f_350;f_351;f_352;g_173;g_176;g_266;g_269;g_270;g_273;g_274;g_275;g_299;g_300;g_301;g_302,True,True,False,True,True,True,False,False,6hed,cryo-EM,6.95,2018
6hed_1.pdb_6hed_1_ATP_QA.pdb,1,6hed_1.pdb_6hed_1_ATP_MA.pdb,6hed_1.pdb_6hed_1_ATP_MA.pdb,c_176;c_266;c_269;c_270;c_272;c_273;c_274;c_299;c_300;c_301;c_302;g_138;g_142;g_144;g_145;g_146;g_182;g_183;g_184;g_185;g_186;g_187;g_188;g_189;g_190;g_191;g_239;g_241;g_242;g_286;g_288;g_312;g_316;g_319;g_320;g_323;g_324;g_347;g_348;g_349;g_350;g_351;g_352,True,True,False,True,True,True,False,False,6hed,cryo-EM,6.95,2018
6w23_1.pdb_6w23_1_ATP_L.pdb,1,6w23_1.pdb_6w23_1_ATP_J.pdb,6w23_1.pdb_6w23_1_ATP_J.pdb,B_205;B_206;B_207;B_335;B_336;B_339;C_186;C_187;C_188;C_189;C_190;C_191;C_214;C_215;C_216;C_217;C_218;C_219;C_220;C_221;C_222;C_223;C_225;C_283;C_285;C_286;C_321;C_322;C_323;C_346;C_349;C_353;C_356;C_357;C_358;C_360;C_361;C_365;C_394;C_395;C_396;C_397;C_399,False,False,False,True,True,False,True,False,6w23,cryo-EM,3.1,2020
6zxf_1.pdb_6zxf_1_ATP_PA.pdb,1,6zv6_1.pdb_6zv6_1_ADP_MA.pdb,6zv6_1.pdb_6zv6_1_ADP_MA.pdb,h_186;h_187;h_188;h_189;h_191;h_192;h_193;h_194;h_195;h_196;h_205;h_206;h_207;h_208;h_210;h_211;h_250;h_264;h_265;h_266;h_277;h_278;h_279;h_280;h_281;h_285;h_286;h_287;h_288;h_289;h_290;h_292;h_322;h_324;h_328;h_329;h_330;h_331;h_338;h_340;h_342;h_343;h_344,True,True,True,True,True,True,False,False,6zxf,cryo-EM,3.7,2020
6zv6_1.pdb_6zv6_1_ADP_MA.pdb,0,6zv6_1.pdb_6zv6_1_ADP_MA.pdb,6zv6_1.pdb_6zv6_1_ADP_MA.pdb,h_186;h_187;h_188;h_189;h_191;h_192;h_193;h_194;h_195;h_196;h_205;h_206;h_207;h_208;h_210;h_211;h_250;h_264;h_265;h_266;h_277;h_278;h_279;h_280;h_281;h_285;h_286;h_287;h_288;h_289;h_290;h_292;h_322;h_324;h_328;h_329;h_330;h_331;h_338;h_340;h_342;h_343;h_344,True,True,False,True,True,True,False,False,6zv6,cryo-EM,2.9,2020
6zxh_1.pdb_6zxh_1_ATP_OF.pdb,1,6zv6_1.pdb_6zv6_1_ADP_MA.pdb,6zv6_1.pdb_6zv6_1_ADP_MA.pdb,i_186;i_187;i_188;i_189;i_191;i_192;i_193;i_194;i_195;i_196;i_205;i_206;i_207;i_208;i_209;i_210;i_211;i_250;i_264;i_265;i_266;i_277;i_278;i_279;i_280;i_281;i_285;i_286;i_287;i_288;i_289;i_292;i_324;i_327;i_328;i_329;i_330;i_331;i_339;i_340;i_342;i_343;i_344,True,True,False,True,True,True,False,False,6zxh,cryo-EM,2.7,2020
4o0m_1.pdb_4o0m_1_ATP_F1.pdb,1,7dy1_1.pdb_7dy1_1_ATP_G.pdb,7dy1_1.pdb_7dy1_1_ATP_G.pdb,A_146;A_147;A_182;A_183;A_184;A_208;A_210;A_219;A_239;A_240;A_241;A_242;A_47;A_48;A_49;A_50;A_51;A_52;A_53;A_54;A_55;A_56;A_57;A_58;A_78;A_79;A_87;A_90;A_91;B_201;B_202;B_203;B_205;B_223;B_224;B_225;B_226;B_227;B_228;B_229;B_230;B_231;B_233,True,True,True,True,False,False,False,False,4o0m,X-ray,2.84,2013
5jwq_1.pdb_5jwq_1_ADP_E2.pdb,0,7dy1_1.pdb_7dy1_1_ATP_G.pdb,7dy1_1.pdb_7dy1_1_ATP_G.pdb,E_146;E_147;E_182;E_183;E_184;E_208;E_210;E_219;E_239;E_240;E_241;E_242;E_47;E_48;E_49;E_50;E_51;E_52;E_53;E_54;E_55;E_56;E_57;E_58;E_78;E_79;E_87;E_90;E_91;G_201;G_202;G_203;G_205;G_223;G_224;G_225;G_226;G_227;G_228;G_229;G_230;G_231;G_233,False,False,True,True,False,False,False,False,5jwq,X-ray,3.87,2016
4o0m_1.pdb_4o0m_1_ATP_K2.pdb,1,7dy1_1.pdb_7dy1_1_ATP_G.pdb,7dy1_1.pdb_7dy1_1_ATP_G.pdb,E_146;E_147;E_182;E_183;E_184;E_208;E_210;E_219;E_239;E_240;E_241;E_242;E_244;E_47;E_48;E_49;E_50;E_51;E_52;E_53;E_54;E_55;E_56;E_57;E_78;E_79;E_87;E_90;E_91;F_201;F_202;F_203;F_205;F_223;F_224;F_225;F_226;F_227;F_228;F_229;F_230;F_231;F_233,False,False,True,True,True,False,True,True,4o0m,X-ray,2.84,2013
5jwq_1.pdb_5jwq_1_ADP_E3.pdb,0,7dy1_1.pdb_7dy1_1_ATP_G.pdb,7dy1_1.pdb_7dy1_1_ATP_G.pdb,I_146;I_147;I_182;I_183;I_184;I_208;I_210;I_219;I_239;I_240;I_241;I_242;I_244;I_47;I_48;I_49;I_50;I_51;I_52;I_53;I_54;I_55;I_56;I_57;I_78;I_79;I_87;I_90;I_91;K_201;K_202;K_203;K_205;K_223;K_224;K_225;K_226;K_227;K_228;K_229;K_230;K_231;K_233,False,False,True,True,True,False,True,True,5jwq,X-ray,3.87,2016
4o0m_1.pdb_4o0m_1_ATP_N2.pdb,1,7dy1_1.pdb_7dy1_1_ATP_G.pdb,7dy1_1.pdb_7dy1_1_ATP_G.pdb,A_201;A_202;A_203;A_223;A_224;A_225;A_226;A_227;A_228;A_229;A_230;A_231;A_232;A_233;F_146;F_147;F_182;F_183;F_184;F_208;F_210;F_219;F_239;F_240;F_241;F_242;F_47;F_48;F_49;F_50;F_51;F_52;F_53;F_54;F_55;F_56;F_57;F_58;F_78;F_79;F_87;F_90;F_91,False,False,True,True,True,False,True,True,4o0m,X-ray,2.84,2013
7sxo_1.pdb_7sxo_1_ATP_L.pdb,1,7ksl_1.pdb_7ksl_1_ADP_H.pdb,7ksl_1.pdb_7ksl_1_ADP_H.pdb,C_757;C_761;D_597;D_598;D_599;D_600;D_601;D_602;D_603;D_607;D_632;D_633;D_634;D_635;D_636;D_637;D_638;D_639;D_640;D_641;D_643;D_655;D_697;D_699;D_700;D_748;D_749;D_750;D_768;D_771;D_775;D_778;D_779;D_780;D_782;D_783;D_784;D_787;D_816;D_818;D_819;D_820;D_823,True,True,False,True,False,False,False,False,7sxo,cryo-EM,3.3,2021
7sxo_1.pdb_7sxo_1_ADP_K.pdb,0,7ksl_1.pdb_7ksl_1_ADP_H.pdb,7ksl_1.pdb_7ksl_1_ADP_H.pdb,B_757;B_761;C_597;C_598;C_599;C_600;C_601;C_602;C_603;C_607;C_632;C_633;C_634;C_635;C_636;C_637;C_638;C_639;C_640;C_641;C_643;C_655;C_697;C_699;C_700;C_748;C_749;C_750;C_768;C_771;C_775;C_778;C_779;C_780;C_782;C_783;C_784;C_787;C_816;C_818;C_819;C_820;C_823,False,False,False,True,False,False,False,False,7sxo,cryo-EM,3.3,2021
7svu_1.pdb_7svu_1_ATP_Z.pdb,1,7m9c_1.pdb_7m9c_1_ADP_T.pdb,7m9c_1.pdb_7m9c_1_ADP_T.pdb,A_144;A_145;A_171;A_172;A_173;A_196;A_207;A_211;A_215;A_240;A_241;A_242;A_243;A_244;A_245;A_246;A_249;A_30;A_31;A_32;A_33;A_34;A_35;A_36;A_37;A_38;A_39;A_58;A_60;A_61;A_62;A_63;A_64;A_65;A_66;A_67;A_68;A_69;A_70;A_71;A_72;A_93;A_95,True,True,False,True,False,False,False,False,7svu,cryo-EM,3.5,2021
7abr_1.pdb_7abr_1_ATP_L.pdb,1,8a8w_1.pdb_8a8w_1_ADP_H.pdb,8a8w_1.pdb_8a8w_1_ADP_H.pdb,B_199;B_200;B_201;B_332;C_180;C_181;C_182;C_183;C_184;C_185;C_189;C_206;C_208;C_209;C_210;C_211;C_212;C_213;C_214;C_215;C_216;C_217;C_218;C_219;C_277;C_279;C_280;C_314;C_315;C_339;C_342;C_346;C_349;C_350;C_351;C_353;C_354;C_358;C_386;C_387;C_388;C_389;C_392,False,False,False,True,True,False,True,False,7abr,cryo-EM,3.7,2020
7abr_1.pdb_7abr_1_ADP_R.pdb,0,8a8w_1.pdb_8a8w_1_ADP_H.pdb,8a8w_1.pdb_8a8w_1_ADP_H.pdb,E_199;E_200;E_201;E_332;F_180;F_181;F_182;F_183;F_184;F_185;F_189;F_206;F_208;F_209;F_210;F_211;F_212;F_213;F_214;F_215;F_216;F_217;F_218;F_219;F_277;F_279;F_280;F_314;F_315;F_339;F_342;F_346;F_349;F_350;F_351;F_353;F_354;F_358;F_386;F_387;F_388;F_389;F_392,False,False,True,True,True,False,True,False,7abr,cryo-EM,3.7,2020
8h3h_1.pdb_8h3h_1_ATP_L.pdb,1,8h3h_1.pdb_8h3h_1_ATP_I.pdb,8h3h_1.pdb_8h3h_1_ATP_I.pdb,E_587;F_423;F_426;F_427;F_428;F_429;F_430;F_431;F_465;F_467;F_468;F_469;F_470;F_471;F_472;F_473;F_474;F_475;F_476;F_477;F_478;F_529;F_531;F_532;F_573;F_574;F_575;F_596;F_597;F_599;F_603;F_606;F_607;F_608;F_610;F_611;F_635;F_636;F_637;F_638;F_639;F_640;F_641,False,False,True,True,True,False,True,False,8h3h,cryo-EM,3.15,2022
8h3h_1.pdb_8h3h_1_ADP_G.pdb,0,8h3h_1.pdb_8h3h_1_ATP_I.pdb,8h3h_1.pdb_8h3h_1_ATP_I.pdb,A_423;A_426;A_427;A_428;A_429;A_430;A_431;A_465;A_467;A_468;A_469;A_470;A_471;A_472;A_473;A_474;A_475;A_476;A_477;A_478;A_529;A_531;A_532;A_573;A_574;A_575;A_596;A_597;A_599;A_603;A_606;A_607;A_608;A_610;A_611;A_635;A_636;A_637;A_638;A_639;A_640;A_641;F_587,False,False,False,True,True,False,True,False,8h3h,cryo-EM,3.15,2022
8kg9_1.pdb_8kg9_1_ADP_T.pdb,0,8kg9_1.pdb_8kg9_1_ADP_V.pdb,8kg9_1.pdb_8kg9_1_ADP_V.pdb,A_504;A_505;A_506;A_507;A_508;A_543;A_544;A_545;A_546;A_547;A_548;A_549;A_550;A_551;A_552;A_553;A_554;A_607;A_608;A_649;A_650;A_651;A_683;A_695;A_696;A_698;A_699;A_702;A_703;E_563;E_564;E_565;E_566;E_657;E_658;E_704;E_707;E_708;E_796;E_797;E_798;E_799;E_801,True,True,False,True,False,False,False,False,8kg9,cryo-EM,4.52,2023
8osg_1.pdb_8osg_1_ATP_I.pdb,1,8osg_1.pdb_8osg_1_ADP_G.pdb,8osg_1.pdb_8osg_1_ADP_G.pdb,A_206;A_209;A_210;A_289;A_290;A_291;A_294;A_298;B_151;B_16;B_18;B_195;B_196;B_197;B_20;B_21;B_217;B_22;B_220;B_228;B_229;B_23;B_230;B_232;B_233;B_234;B_236;B_237;B_24;B_27;B_28;B_47;B_48;B_49;B_50;B_51;B_52;B_53;B_54;B_55;B_56;B_57;B_58,True,True,False,True,False,False,False,False,8osg,cryo-EM,3.8,2023
8osg_1.pdb_8osg_1_ADP_P.pdb,0,8osg_1.pdb_8osg_1_ADP_G.pdb,8osg_1.pdb_8osg_1_ADP_G.pdb,E_206;E_209;E_210;E_289;E_290;E_291;E_294;E_298;F_151;F_16;F_18;F_195;F_196;F_197;F_20;F_21;F_217;F_22;F_220;F_228;F_229;F_23;F_230;F_232;F_233;F_234;F_236;F_237;F_24;F_27;F_28;F_47;F_48;F_49;F_50;F_51;F_52;F_53;F_54;F_55;F_56;F_57;F_58,False,False,True,True,False,False,False,False,8osg,cryo-EM,3.8,2023
8osg_1.pdb_8osg_1_ATP_N.pdb,1,8osg_1.pdb_8osg_1_ADP_G.pdb,8osg_1.pdb_8osg_1_ADP_G.pdb,D_171;D_206;D_209;D_210;D_289;D_290;D_291;D_292;D_294;D_298;E_151;E_153;E_16;E_195;E_196;E_197;E_20;E_21;E_217;E_22;E_220;E_225;E_229;E_23;E_230;E_232;E_233;E_234;E_236;E_24;E_28;E_47;E_48;E_49;E_50;E_51;E_52;E_53;E_54;E_55;E_56;E_57;E_58,True,True,False,True,False,False,False,False,8osg,cryo-EM,3.8,2023
1wkl_2.pdb_1wkl_2_ATP_F1.pdb,1,1wkl_2.pdb_1wkl_2_ATP_F5.pdb,1wkl_2.pdb_1wkl_2_ATP_F5.pdb,B_102;B_108;B_109;B_11;B_110;B_111;B_112;B_113;B_114;B_115;B_116;B_117;B_118;B_119;B_122;B_125;B_126;B_48;B_49;B_5;B_51;B_52;B_55;B_56;B_57;B_58;B_59;B_6;B_60;B_61;B_62;B_64;B_65;B_7;B_85;B_88;B_89;B_9;B_90;B_91;B_92;B_93,True,True,False,True,False,False,False,False,1wkl,X-ray,2.2,2004
1wkl_2.pdb_1wkl_2_ADP_D1.pdb,0,1wkl_2.pdb_1wkl_2_ATP_F5.pdb,1wkl_2.pdb_1wkl_2_ATP_F5.pdb,A_102;A_108;A_109;A_11;A_110;A_111;A_112;A_113;A_114;A_115;A_116;A_117;A_118;A_119;A_122;A_125;A_126;A_48;A_49;A_5;A_51;A_52;A_55;A_56;A_57;A_58;A_59;A_6;A_60;A_61;A_62;A_64;A_65;A_7;A_85;A_88;A_89;A_9;A_90;A_91;A_92;A_93,False,False,False,True,False,False,False,False,1wkl,X-ray,2.2,2004
1wkl_2.pdb_1wkl_2_ADP_D2.pdb,0,1wkl_2.pdb_1wkl_2_ATP_F5.pdb,1wkl_2.pdb_1wkl_2_ATP_F5.pdb,C_102;C_108;C_109;C_11;C_110;C_111;C_112;C_113;C_114;C_115;C_116;C_117;C_118;C_119;C_122;C_125;C_126;C_48;C_49;C_5;C_51;C_52;C_55;C_56;C_57;C_58;C_59;C_6;C_60;C_61;C_62;C_64;C_65;C_7;C_85;C_88;C_89;C_9;C_90;C_91;C_92;C_93,False,False,False,True,False,False,False,False,1wkl,X-ray,2.2,2004
1wkl_2.pdb_1wkl_2_ADP_D3.pdb,0,1wkl_2.pdb_1wkl_2_ATP_F5.pdb,1wkl_2.pdb_1wkl_2_ATP_F5.pdb,E_102;E_108;E_109;E_11;E_110;E_111;E_112;E_113;E_114;E_115;E_116;E_117;E_118;E_119;E_122;E_125;E_126;E_48;E_49;E_5;E_51;E_52;E_55;E_56;E_57;E_58;E_59;E_6;E_60;E_61;E_62;E_64;E_65;E_7;E_85;E_88;E_89;E_9;E_90;E_91;E_92;E_93,False,False,False,True,False,False,False,False,1wkl,X-ray,2.2,2004
1wkl_2.pdb_1wkl_2_ADP_D4.pdb,0,1wkl_2.pdb_1wkl_2_ATP_F5.pdb,1wkl_2.pdb_1wkl_2_ATP_F5.pdb,G_102;G_108;G_109;G_11;G_110;G_111;G_112;G_113;G_114;G_115;G_116;G_117;G_118;G_119;G_122;G_125;G_126;G_48;G_49;G_5;G_51;G_52;G_55;G_56;G_57;G_58;G_59;G_6;G_60;G_61;G_62;G_64;G_65;G_7;G_85;G_88;G_89;G_9;G_90;G_91;G_92;G_93,False,False,False,True,False,False,False,False,1wkl,X-ray,2.2,2004
1wkl_2.pdb_1wkl_2_ADP_D5.pdb,0,1wkl_2.pdb_1wkl_2_ATP_F5.pdb,1wkl_2.pdb_1wkl_2_ATP_F5.pdb,I_102;I_108;I_109;I_11;I_110;I_111;I_112;I_113;I_114;I_115;I_116;I_117;I_118;I_119;I_122;I_125;I_126;I_48;I_49;I_5;I_51;I_52;I_55;I_56;I_57;I_58;I_59;I_6;I_60;I_61;I_62;I_64;I_65;I_7;I_85;I_88;I_89;I_9;I_90;I_91;I_92;I_93,False,False,False,True,False,False,False,False,1wkl,X-ray,2.2,2004
1wkl_2.pdb_1wkl_2_ADP_D6.pdb,0,1wkl_2.pdb_1wkl_2_ATP_F5.pdb,1wkl_2.pdb_1wkl_2_ATP_F5.pdb,K_102;K_108;K_109;K_11;K_110;K_111;K_112;K_113;K_114;K_115;K_116;K_117;K_118;K_119;K_122;K_125;K_126;K_48;K_49;K_5;K_51;K_52;K_55;K_56;K_57;K_58;K_59;K_6;K_60;K_61;K_62;K_64;K_65;K_7;K_85;K_88;K_89;K_9;K_90;K_91;K_92;K_93,False,False,False,True,False,False,False,False,1wkl,X-ray,2.2,2004
1wkl_2.pdb_1wkl_2_ATP_F2.pdb,1,1wkl_2.pdb_1wkl_2_ATP_F5.pdb,1wkl_2.pdb_1wkl_2_ATP_F5.pdb,D_102;D_108;D_109;D_11;D_110;D_111;D_112;D_113;D_114;D_115;D_116;D_117;D_118;D_119;D_122;D_125;D_126;D_48;D_49;D_5;D_51;D_52;D_55;D_56;D_57;D_58;D_59;D_6;D_60;D_61;D_62;D_64;D_65;D_7;D_85;D_88;D_89;D_9;D_90;D_91;D_92;D_93,False,False,False,True,True,False,True,False,1wkl,X-ray,2.2,2004
1wkl_2.pdb_1wkl_2_ATP_F3.pdb,1,1wkl_2.pdb_1wkl_2_ATP_F5.pdb,1wkl_2.pdb_1wkl_2_ATP_F5.pdb,F_102;F_108;F_109;F_11;F_110;F_111;F_112;F_113;F_114;F_115;F_116;F_117;F_118;F_119;F_122;F_125;F_126;F_48;F_49;F_5;F_51;F_52;F_55;F_56;F_57;F_58;F_59;F_6;F_60;F_61;F_62;F_64;F_65;F_7;F_85;F_88;F_89;F_9;F_90;F_91;F_92;F_93,False,False,False,True,True,False,True,False,1wkl,X-ray,2.2,2004
1wkl_2.pdb_1wkl_2_ATP_F4.pdb,1,1wkl_2.pdb_1wkl_2_ATP_F5.pdb,1wkl_2.pdb_1wkl_2_ATP_F5.pdb,H_102;H_108;H_109;H_11;H_110;H_111;H_112;H_113;H_114;H_115;H_116;H_117;H_118;H_119;H_122;H_125;H_126;H_48;H_49;H_5;H_51;H_52;H_55;H_56;H_57;H_58;H_59;H_6;H_60;H_61;H_62;H_64;H_65;H_7;H_85;H_88;H_89;H_9;H_90;H_91;H_92;H_93,False,False,False,True,True,False,True,False,1wkl,X-ray,2.2,2004
1wkl_2.pdb_1wkl_2_ATP_F5.pdb,1,1wkl_2.pdb_1wkl_2_ATP_F5.pdb,1wkl_2.pdb_1wkl_2_ATP_F5.pdb,J_102;J_108;J_109;J_11;J_110;J_111;J_112;J_113;J_114;J_115;J_116;J_117;J_118;J_119;J_122;J_125;J_126;J_48;J_49;J_5;J_51;J_52;J_55;J_56;J_57;J_58;J_59;J_6;J_60;J_61;J_62;J_64;J_65;J_7;J_85;J_88;J_89;J_9;J_90;J_91;J_92;J_93,False,False,False,True,True,False,True,False,1wkl,X-ray,2.2,2004
1wkl_2.pdb_1wkl_2_ATP_F6.pdb,1,1wkl_2.pdb_1wkl_2_ATP_F5.pdb,1wkl_2.pdb_1wkl_2_ATP_F5.pdb,L_102;L_108;L_109;L_11;L_110;L_111;L_112;L_113;L_114;L_115;L_116;L_117;L_118;L_119;L_122;L_125;L_126;L_48;L_49;L_5;L_51;L_52;L_55;L_56;L_57;L_58;L_59;L_6;L_60;L_61;L_62;L_64;L_65;L_7;L_85;L_88;L_89;L_9;L_90;L_91;L_92;L_93,False,False,False,True,True,False,True,False,1wkl,X-ray,2.2,2004
1nbm_1.pdb_1nbm_1_ATP_M.pdb,1,2wss_2.pdb_2wss_2_ADP_PA.pdb,2wss_2.pdb_2wss_2_ADP_PA.pdb,C_150;C_167;C_169;C_170;C_171;C_172;C_173;C_174;C_175;C_176;C_177;C_178;C_179;C_180;C_181;C_203;C_208;C_212;C_269;C_270;C_273;C_326;C_327;C_328;C_352;C_357;C_360;C_361;C_362;C_363;C_364;C_428;C_429;C_430;C_431;C_432;C_433;C_434;F_327;F_355;F_356;F_357,True,True,False,True,True,True,False,False,1nbm,X-ray,3.0,1998
1h8e_1.pdb_1h8e_1_ADP_M.pdb,0,2wss_2.pdb_2wss_2_ADP_PA.pdb,2wss_2.pdb_2wss_2_ADP_PA.pdb,B_150;B_167;B_169;B_170;B_171;B_172;B_173;B_174;B_175;B_176;B_177;B_178;B_179;B_180;B_181;B_203;B_208;B_212;B_269;B_270;B_273;B_326;B_327;B_328;B_352;B_357;B_360;B_361;B_362;B_363;B_364;B_428;B_429;B_430;B_431;B_432;B_433;B_434;E_327;E_355;E_356;E_357,True,True,False,True,True,True,False,False,1h8e,X-ray,2.0,2001
1nbm_1.pdb_1nbm_1_ATP_R.pdb,1,2wss_2.pdb_2wss_2_ADP_PA.pdb,2wss_2.pdb_2wss_2_ADP_PA.pdb,B_343;B_344;B_347;B_371;B_372;B_373;B_374;F_156;F_157;F_158;F_159;F_160;F_161;F_162;F_163;F_164;F_165;F_166;F_188;F_189;F_191;F_192;F_256;F_257;F_309;F_311;F_335;F_340;F_343;F_344;F_345;F_346;F_347;F_416;F_417;F_418;F_420;F_421;F_422;F_424;F_425;F_459,True,True,False,True,True,True,False,False,1nbm,X-ray,3.0,1998
6yy0_1.pdb_6yy0_1_ADP_U.pdb,0,2wss_2.pdb_2wss_2_ADP_PA.pdb,2wss_2.pdb_2wss_2_ADP_PA.pdb,C_343;C_344;C_347;C_371;C_372;C_373;C_374;D_160;D_161;D_162;D_163;D_164;D_165;D_166;D_167;D_168;D_169;D_170;D_192;D_193;D_195;D_196;D_260;D_261;D_313;D_315;D_339;D_344;D_347;D_348;D_349;D_350;D_351;D_420;D_421;D_422;D_424;D_425;D_426;D_428;D_429;D_463,True,True,True,True,True,True,False,False,6yy0,cryo-EM,3.23,2020
6on2_1.pdb_6on2_1_ATP_H.pdb,1,3m6a_1.pdb_3m6a_1_ADP_G.pdb,3m6a_1.pdb_3m6a_1_ADP_G.pdb,A_322;A_323;A_324;A_325;A_326;A_327;A_331;A_354;A_356;A_357;A_358;A_359;A_360;A_361;A_362;A_363;A_364;A_365;A_366;A_423;A_424;A_471;A_472;A_473;A_490;A_493;A_497;A_500;A_501;A_502;A_504;A_505;A_506;A_509;A_513;A_539;A_540;A_541;A_542;A_545;B_479;B_483,True,True,False,True,True,True,False,False,6on2,cryo-EM,3.0,2019
6on2_1.pdb_6on2_1_ATP_J.pdb,1,3m6a_1.pdb_3m6a_1_ADP_G.pdb,3m6a_1.pdb_3m6a_1_ADP_G.pdb,B_322;B_323;B_324;B_325;B_326;B_327;B_331;B_354;B_356;B_357;B_358;B_359;B_360;B_361;B_362;B_363;B_364;B_365;B_423;B_424;B_471;B_472;B_473;B_490;B_493;B_497;B_500;B_501;B_502;B_504;B_505;B_506;B_509;B_510;B_513;B_540;B_541;B_542;B_545;C_479;C_483;C_484,True,True,False,True,False,False,False,False,6on2,cryo-EM,3.0,2019
6on2_1.pdb_6on2_1_ATP_L.pdb,1,3m6a_1.pdb_3m6a_1_ADP_G.pdb,3m6a_1.pdb_3m6a_1_ADP_G.pdb,C_320;C_321;C_322;C_323;C_324;C_325;C_326;C_327;C_331;C_356;C_357;C_358;C_359;C_360;C_361;C_362;C_363;C_364;C_365;C_423;C_424;C_427;C_471;C_472;C_473;C_490;C_493;C_497;C_500;C_501;C_502;C_504;C_505;C_506;C_509;C_513;C_540;C_541;C_542;C_545;D_483;D_484,True,True,False,True,False,False,False,False,6on2,cryo-EM,3.0,2019
6v11_1.pdb_6v11_1_ADP_G.pdb,0,3m6a_1.pdb_3m6a_1_ADP_G.pdb,3m6a_1.pdb_3m6a_1_ADP_G.pdb,A_320;A_321;A_322;A_323;A_324;A_325;A_326;A_327;A_331;A_356;A_357;A_358;A_359;A_360;A_361;A_362;A_363;A_364;A_365;A_366;A_379;A_423;A_471;A_472;A_473;A_490;A_493;A_497;A_500;A_501;A_502;A_504;A_505;A_506;A_509;A_510;A_513;A_540;A_541;A_542;A_545;B_483,False,False,False,True,False,False,False,False,6v11,cryo-EM,3.8,2019
6n8t_1.pdb_6n8t_1_ATP_H.pdb,1,5vy8_1.pdb_5vy8_1_ADP_L.pdb,5vy8_1.pdb_5vy8_1_ADP_L.pdb,A_576;A_579;A_580;A_581;A_582;A_583;A_587;A_614;A_615;A_616;A_617;A_618;A_619;A_620;A_621;A_622;A_623;A_625;A_626;A_640;A_684;A_686;A_726;A_728;A_772;A_775;A_779;A_780;A_783;A_784;A_786;A_787;A_819;A_822;A_823;A_824;A_825;A_826;A_827;A_828;A_829;F_764,False,False,True,True,True,False,True,False,6n8t,cryo-EM,7.7,2018
5vy8_1.pdb_5vy8_1_ADP_N.pdb,0,5vy8_1.pdb_5vy8_1_ADP_L.pdb,5vy8_1.pdb_5vy8_1_ADP_L.pdb,C_764;D_576;D_579;D_580;D_581;D_582;D_583;D_587;D_614;D_615;D_616;D_617;D_618;D_619;D_620;D_621;D_622;D_623;D_625;D_626;D_640;D_684;D_686;D_726;D_728;D_772;D_775;D_779;D_780;D_783;D_784;D_786;D_787;D_819;D_822;D_823;D_824;D_825;D_826;D_827;D_828;D_829,False,False,False,True,True,False,True,False,5vy8,cryo-EM,5.6,2017
6n8t_1.pdb_6n8t_1_ATP_N.pdb,1,5vy8_1.pdb_5vy8_1_ADP_L.pdb,5vy8_1.pdb_5vy8_1_ADP_L.pdb,C_761;D_577;D_578;D_579;D_580;D_581;D_582;D_583;D_612;D_614;D_615;D_616;D_617;D_618;D_619;D_620;D_621;D_622;D_623;D_624;D_626;D_640;D_684;D_686;D_726;D_728;D_772;D_773;D_775;D_779;D_782;D_783;D_784;D_786;D_787;D_823;D_824;D_825;D_826;D_827;D_828;D_829,False,False,False,True,True,False,True,False,6n8t,cryo-EM,7.7,2018
5vy8_1.pdb_5vy8_1_ADP_J.pdb,0,5vy8_1.pdb_5vy8_1_ADP_L.pdb,5vy8_1.pdb_5vy8_1_ADP_L.pdb,A_761;B_577;B_578;B_579;B_580;B_581;B_582;B_583;B_612;B_614;B_615;B_616;B_617;B_618;B_619;B_620;B_621;B_622;B_623;B_624;B_626;B_640;B_684;B_686;B_726;B_728;B_772;B_773;B_775;B_779;B_782;B_783;B_784;B_786;B_787;B_823;B_824;B_825;B_826;B_827;B_828;B_829,False,False,False,True,True,False,True,False,5vy8,cryo-EM,5.6,2017
5vy8_1.pdb_5vy8_1_ADP_L.pdb,0,5vy8_1.pdb_5vy8_1_ADP_L.pdb,5vy8_1.pdb_5vy8_1_ADP_L.pdb,B_761;B_765;C_577;C_578;C_579;C_580;C_581;C_582;C_583;C_612;C_614;C_615;C_616;C_617;C_618;C_619;C_620;C_621;C_622;C_623;C_624;C_626;C_640;C_684;C_686;C_726;C_728;C_772;C_775;C_779;C_782;C_783;C_784;C_786;C_787;C_823;C_824;C_825;C_826;C_827;C_828;C_829,False,False,True,True,True,False,True,False,5vy8,cryo-EM,5.6,2017
6ap1_1.pdb_6ap1_1_ADP_CA.pdb,0,5xmk_1.pdb_5xmk_1_ATP_S.pdb,5xmk_1.pdb_5xmk_1_ATP_S.pdb,D_130;D_133;D_134;D_135;D_136;D_137;D_138;D_142;D_172;D_173;D_174;D_175;D_176;D_177;D_178;D_179;D_180;D_181;D_182;D_183;D_184;D_230;D_232;D_275;D_276;D_277;D_296;D_299;D_303;D_304;D_306;D_307;D_310;D_311;D_335;D_336;D_337;D_338;D_339;D_340;D_341;E_261,True,True,False,True,False,False,False,False,6ap1,cryo-EM,3.2,2017
5xmi_1.pdb_5xmi_1_ATP_H.pdb,1,5xmk_1.pdb_5xmk_1_ATP_S.pdb,5xmk_1.pdb_5xmk_1_ATP_S.pdb,B_257;B_261;B_262;B_285;B_288;B_289;C_133;C_134;C_135;C_136;C_137;C_173;C_174;C_175;C_176;C_177;C_178;C_179;C_180;C_181;C_182;C_183;C_184;C_230;C_232;C_275;C_276;C_277;C_296;C_299;C_303;C_306;C_307;C_310;C_311;C_335;C_336;C_337;C_338;C_339;C_340;C_341,False,False,False,True,False,False,False,False,5xmi,cryo-EM,3.9,2017
5xmi_1.pdb_5xmi_1_ATP_I.pdb,1,5xmk_1.pdb_5xmk_1_ATP_S.pdb,5xmk_1.pdb_5xmk_1_ATP_S.pdb,C_261;C_262;C_285;C_289;D_130;D_131;D_134;D_135;D_136;D_137;D_142;D_173;D_174;D_175;D_176;D_177;D_178;D_179;D_180;D_181;D_182;D_183;D_184;D_230;D_232;D_275;D_276;D_277;D_296;D_299;D_303;D_306;D_307;D_310;D_311;D_335;D_336;D_337;D_338;D_339;D_340;D_341,False,False,True,True,False,False,False,False,5xmi,cryo-EM,3.9,2017
6ap1_1.pdb_6ap1_1_ADP_W.pdb,0,5xmk_1.pdb_5xmk_1_ATP_S.pdb,5xmk_1.pdb_5xmk_1_ATP_S.pdb,B_130;B_133;B_134;B_135;B_136;B_137;B_142;B_173;B_174;B_175;B_176;B_177;B_178;B_179;B_180;B_181;B_182;B_183;B_184;B_230;B_232;B_275;B_276;B_277;B_296;B_299;B_303;B_306;B_307;B_310;B_311;B_335;B_336;B_337;B_338;B_339;B_340;C_261;C_262;C_285;C_288;C_289,True,True,False,True,False,False,False,False,6ap1,cryo-EM,3.2,2017
5xmk_1.pdb_5xmk_1_ATP_O.pdb,1,5xmk_1.pdb_5xmk_1_ATP_S.pdb,5xmk_1.pdb_5xmk_1_ATP_S.pdb,A_261;A_289;B_130;B_134;B_135;B_136;B_137;B_142;B_173;B_174;B_175;B_176;B_177;B_178;B_179;B_180;B_181;B_182;B_183;B_184;B_230;B_232;B_275;B_276;B_277;B_296;B_297;B_298;B_299;B_303;B_304;B_306;B_307;B_310;B_311;B_335;B_336;B_337;B_338;B_339;B_340;B_341,False,False,False,True,False,False,False,False,5xmk,cryo-EM,4.18,2017
6hed_1.pdb_6hed_1_ATP_MA.pdb,1,6hed_1.pdb_6hed_1_ATP_MA.pdb,6hed_1.pdb_6hed_1_ATP_MA.pdb,e_142;e_143;e_144;e_145;e_146;e_182;e_183;e_184;e_185;e_186;e_187;e_188;e_189;e_190;e_193;e_241;e_242;e_286;e_288;e_312;e_316;e_319;e_320;e_323;e_324;e_347;e_348;e_349;e_350;e_351;e_352;f_176;f_269;f_270;f_272;f_273;f_274;f_275;f_299;f_300;f_301;f_302,True,True,False,True,True,True,False,False,6hed,cryo-EM,6.95,2018
6hqu_8.pdb_6hqu_8_ADP_DA.pdb,0,6hqu_1.pdb_6hqu_1_ADP_P.pdb,6hqu_1.pdb_6hqu_1_ADP_P.pdb,A_136;A_137;A_138;A_139;A_140;A_141;A_142;A_143;A_144;A_145;A_148;A_149;A_150;A_174;A_176;A_177;A_178;A_180;A_181;A_184;A_185;A_188;A_238;A_280;A_282;A_283;A_284;A_285;A_315;A_316;A_317;A_321;A_322;A_323;A_340;A_341;A_342;A_343;A_344;A_345;A_346;A_347,True,True,False,True,True,True,False,False,6hqu,X-ray,1.97,2018
6tdy_1.pdb_6tdy_1_ATP_JA.pdb,1,6tdy_1.pdb_6tdy_1_ADP_GA.pdb,6tdy_1.pdb_6tdy_1_ADP_GA.pdb,B_358;B_359;B_361;B_363;B_386;B_387;B_388;F_167;F_168;F_169;F_170;F_171;F_172;F_173;F_174;F_175;F_176;F_177;F_200;F_202;F_203;F_266;F_321;F_345;F_347;F_350;F_353;F_354;F_355;F_356;F_357;F_426;F_427;F_428;F_430;F_431;F_432;F_433;F_434;F_435;F_436;F_469,True,True,False,True,True,True,False,False,6tdy,cryo-EM,3.04,2019
6tdy_1.pdb_6tdy_1_ADP_GA.pdb,0,6tdy_1.pdb_6tdy_1_ADP_GA.pdb,6tdy_1.pdb_6tdy_1_ADP_GA.pdb,C_358;C_359;C_361;C_363;C_386;C_387;C_388;D_167;D_168;D_169;D_170;D_171;D_172;D_173;D_174;D_175;D_176;D_177;D_200;D_202;D_203;D_266;D_321;D_345;D_347;D_350;D_353;D_354;D_355;D_356;D_357;D_426;D_427;D_428;D_430;D_431;D_432;D_433;D_434;D_435;D_436;D_469,True,True,False,True,True,True,False,False,6tdy,cryo-EM,3.04,2019
6te0_1.pdb_6te0_1_ADP_DA.pdb,0,6tdy_1.pdb_6tdy_1_ADP_GA.pdb,6tdy_1.pdb_6tdy_1_ADP_GA.pdb,C_359;C_361;C_385;C_386;C_387;C_388;D_167;D_168;D_169;D_170;D_171;D_172;D_173;D_174;D_175;D_176;D_177;D_199;D_200;D_202;D_203;D_266;D_267;D_270;D_321;D_345;D_347;D_350;D_353;D_354;D_355;D_356;D_357;D_426;D_427;D_428;D_430;D_431;D_432;D_434;D_435;D_469,True,True,False,True,True,True,False,False,6te0,cryo-EM,3.92,2019
6te0_1.pdb_6te0_1_ATP_GA.pdb,1,6tdy_1.pdb_6tdy_1_ADP_GA.pdb,6tdy_1.pdb_6tdy_1_ADP_GA.pdb,B_359;B_361;B_385;B_386;B_387;B_388;F_167;F_168;F_169;F_170;F_171;F_172;F_173;F_174;F_175;F_176;F_199;F_200;F_202;F_203;F_266;F_267;F_270;F_319;F_320;F_321;F_345;F_350;F_353;F_354;F_355;F_356;F_357;F_426;F_427;F_428;F_430;F_431;F_432;F_434;F_435;F_469,True,True,False,True,True,True,False,False,6te0,cryo-EM,3.92,2019
6w23_1.pdb_6w23_1_ATP_K.pdb,1,6w23_1.pdb_6w23_1_ATP_J.pdb,6w23_1.pdb_6w23_1_ATP_J.pdb,B_456;B_457;B_458;B_459;B_460;B_461;B_462;B_463;B_493;B_495;B_496;B_497;B_498;B_499;B_500;B_501;B_502;B_503;B_504;B_505;B_506;B_518;B_564;B_565;B_604;B_605;B_606;B_650;B_651;B_653;B_657;B_660;B_661;B_664;B_665;B_699;B_700;B_701;B_702;B_703;B_704;B_705,False,False,True,True,True,False,True,True,6w23,cryo-EM,3.1,2020
6w23_1.pdb_6w23_1_ADP_I.pdb,0,6w23_1.pdb_6w23_1_ATP_J.pdb,6w23_1.pdb_6w23_1_ATP_J.pdb,A_456;A_457;A_458;A_459;A_460;A_461;A_462;A_463;A_493;A_495;A_496;A_497;A_498;A_499;A_500;A_501;A_502;A_503;A_504;A_505;A_506;A_518;A_564;A_565;A_604;A_605;A_606;A_650;A_651;A_653;A_657;A_660;A_661;A_664;A_665;A_699;A_700;A_701;A_702;A_703;A_704;A_705,False,False,True,True,True,False,True,True,6w23,cryo-EM,3.1,2020
6w23_1.pdb_6w23_1_ADP_R.pdb,0,6w23_1.pdb_6w23_1_ATP_J.pdb,6w23_1.pdb_6w23_1_ATP_J.pdb,E_582;E_639;E_643;F_456;F_457;F_458;F_459;F_460;F_461;F_462;F_463;F_467;F_495;F_496;F_497;F_498;F_499;F_500;F_501;F_502;F_503;F_504;F_505;F_506;F_518;F_564;F_565;F_604;F_650;F_653;F_657;F_660;F_661;F_664;F_665;F_699;F_700;F_701;F_702;F_703;F_704;F_705,False,False,True,True,True,False,True,True,6w23,cryo-EM,3.1,2020
7spy_1.pdb_7spy_1_ATP_B1.pdb,1,7sq0_1.pdb_7sq0_1_ADP_D.pdb,7sq0_1.pdb_7sq0_1_ADP_D.pdb,A_164;A_165;A_166;A_167;A_21;A_22;A_23;A_24;A_245;A_25;A_26;A_27;A_276;A_277;A_278;A_28;A_29;A_30;A_31;A_316;A_317;A_318;A_319;A_320;A_321;A_322;A_323;A_324;A_332;A_55;A_57;A_61;B_22;B_23;B_24;B_247;B_249;B_250;B_251;B_289;B_293;B_296,True,True,False,True,True,True,False,False,7spy,X-ray,2.23,2021
7sq0_1.pdb_7sq0_1_ADP_D.pdb,0,7sq0_1.pdb_7sq0_1_ADP_D.pdb,7sq0_1.pdb_7sq0_1_ADP_D.pdb,A_164;A_165;A_166;A_167;A_21;A_22;A_23;A_24;A_245;A_25;A_26;A_27;A_276;A_277;A_278;A_28;A_29;A_30;A_31;A_316;A_317;A_318;A_319;A_320;A_321;A_322;A_323;A_324;A_332;A_55;A_57;A_61;B_22;B_23;B_24;B_247;B_249;B_250;B_251;B_289;B_293;B_296,True,True,False,True,True,True,False,False,7sq0,cryo-EM,3.7,2021
7sq0_1.pdb_7sq0_1_ADP_G.pdb,0,7sq0_1.pdb_7sq0_1_ADP_D.pdb,7sq0_1.pdb_7sq0_1_ADP_D.pdb,A_22;A_23;A_24;A_247;A_249;A_250;A_251;A_289;A_293;A_296;B_164;B_165;B_166;B_167;B_21;B_22;B_23;B_24;B_245;B_25;B_26;B_27;B_276;B_277;B_278;B_28;B_29;B_30;B_31;B_316;B_317;B_318;B_319;B_320;B_321;B_322;B_323;B_324;B_332;B_55;B_57;B_61,True,True,False,True,True,True,False,False,7sq0,cryo-EM,3.7,2021
7spy_1.pdb_7spy_1_ATP_B2.pdb,1,7sq0_1.pdb_7sq0_1_ADP_D.pdb,7sq0_1.pdb_7sq0_1_ADP_D.pdb,A_22;A_23;A_24;A_247;A_249;A_250;A_251;A_289;A_293;A_296;B_164;B_165;B_166;B_167;B_21;B_22;B_23;B_24;B_245;B_25;B_26;B_27;B_276;B_277;B_278;B_28;B_29;B_30;B_31;B_316;B_317;B_318;B_319;B_320;B_321;B_322;B_323;B_324;B_332;B_55;B_57;B_61,False,False,False,True,False,False,False,False,7spy,X-ray,2.23,2021
8w7m_1.pdb_8w7m_1_ADP_Q.pdb,0,8kg9_1.pdb_8kg9_1_ADP_V.pdb,8kg9_1.pdb_8kg9_1_ADP_V.pdb,A_504;A_505;A_506;A_507;A_508;A_543;A_544;A_545;A_546;A_547;A_548;A_549;A_550;A_551;A_552;A_553;A_554;A_607;A_649;A_650;A_651;A_683;A_695;A_698;A_699;A_702;A_703;E_563;E_564;E_565;E_566;E_653;E_657;E_704;E_707;E_708;E_796;E_797;E_798;E_799;E_801;E_805,True,True,False,True,False,False,False,False,8w7m,cryo-EM,4.12,2023
8w7m_1.pdb_8w7m_1_ADP_T.pdb,0,8kg9_1.pdb_8kg9_1_ADP_V.pdb,8kg9_1.pdb_8kg9_1_ADP_V.pdb,B_370;B_371;B_372;B_373;B_374;B_409;B_410;B_411;B_412;B_413;B_414;B_415;B_416;B_417;B_418;B_473;B_474;B_515;B_516;B_517;B_518;B_521;B_549;B_557;B_561;B_564;B_565;B_568;B_569;D_404;D_405;D_406;D_407;D_498;D_499;D_548;D_549;D_649;D_650;D_651;D_652;D_654,True,True,False,True,True,True,False,False,8w7m,cryo-EM,4.12,2023
8osg_1.pdb_8osg_1_ATP_J.pdb,1,8osg_1.pdb_8osg_1_ADP_G.pdb,8osg_1.pdb_8osg_1_ADP_G.pdb,B_171;B_206;B_209;B_210;B_289;B_290;B_291;B_294;B_298;C_151;C_153;C_16;C_18;C_195;C_196;C_197;C_20;C_21;C_217;C_22;C_220;C_229;C_23;C_230;C_232;C_233;C_234;C_236;C_24;C_27;C_28;C_47;C_48;C_49;C_50;C_51;C_52;C_53;C_54;C_55;C_56;C_58,True,True,False,True,False,False,False,False,8osg,cryo-EM,3.8,2023
8osg_1.pdb_8osg_1_ATP_L.pdb,1,8osg_1.pdb_8osg_1_ADP_G.pdb,8osg_1.pdb_8osg_1_ADP_G.pdb,C_171;C_206;C_209;C_210;C_289;C_290;C_291;C_294;D_151;D_153;D_16;D_195;D_196;D_197;D_20;D_21;D_217;D_22;D_220;D_225;D_228;D_229;D_23;D_230;D_232;D_233;D_234;D_236;D_237;D_24;D_27;D_47;D_48;D_49;D_50;D_51;D_52;D_53;D_54;D_55;D_56;D_58,True,True,False,True,False,False,False,False,8osg,cryo-EM,3.8,2023
3m0e_1.pdb_3m0e_1_ATP_H.pdb,1,4bs1_1.pdb_4bs1_1_ADP_C6.pdb,4bs1_1.pdb_4bs1_1_ADP_C6.pdb,A_138;A_139;A_140;A_141;A_146;A_165;A_166;A_167;A_168;A_169;A_170;A_171;A_172;A_173;A_174;A_175;A_176;A_177;A_178;A_236;A_238;A_278;A_279;A_280;A_307;A_313;A_316;A_320;A_323;A_324;A_354;A_355;A_356;A_357;A_358;A_359;A_360;A_361;B_294;B_295;B_298,True,True,False,True,True,True,False,False,3m0e,X-ray,2.63,2010
4lzz_1.pdb_4lzz_1_ADP_IA.pdb,0,4bs1_1.pdb_4bs1_1_ADP_C6.pdb,4bs1_1.pdb_4bs1_1_ADP_C6.pdb,A_294;A_295;A_298;F_138;F_139;F_140;F_141;F_146;F_165;F_166;F_167;F_168;F_169;F_170;F_171;F_172;F_173;F_174;F_175;F_176;F_177;F_178;F_236;F_238;F_278;F_279;F_280;F_307;F_313;F_316;F_320;F_323;F_324;F_354;F_355;F_356;F_357;F_358;F_359;F_360;F_361,True,True,False,True,True,True,False,False,4lzz,X-ray,3.21,2013
3m0e_1.pdb_3m0e_1_ATP_J.pdb,1,4bs1_1.pdb_4bs1_1_ADP_C6.pdb,4bs1_1.pdb_4bs1_1_ADP_C6.pdb,B_138;B_139;B_140;B_141;B_146;B_165;B_166;B_167;B_168;B_169;B_170;B_171;B_172;B_173;B_174;B_175;B_176;B_177;B_178;B_236;B_238;B_278;B_279;B_280;B_307;B_313;B_316;B_320;B_323;B_324;B_354;B_355;B_356;B_357;B_358;B_359;B_360;B_361;C_294;C_295;C_298,True,True,False,True,True,True,False,False,3m0e,X-ray,2.63,2010
3m0e_1.pdb_3m0e_1_ATP_P.pdb,1,4bs1_1.pdb_4bs1_1_ADP_C6.pdb,4bs1_1.pdb_4bs1_1_ADP_C6.pdb,E_138;E_139;E_140;E_141;E_146;E_165;E_166;E_167;E_168;E_169;E_170;E_171;E_172;E_173;E_174;E_175;E_176;E_177;E_178;E_236;E_238;E_278;E_279;E_280;E_307;E_313;E_316;E_320;E_323;E_324;E_354;E_355;E_356;E_357;E_358;E_359;E_360;E_361;F_294;F_295;F_298,True,True,False,True,True,True,False,False,3m0e,X-ray,2.63,2010
3m0e_1.pdb_3m0e_1_ATP_R.pdb,1,4bs1_1.pdb_4bs1_1_ADP_C6.pdb,4bs1_1.pdb_4bs1_1_ADP_C6.pdb,F_138;F_139;F_140;F_141;F_146;F_165;F_166;F_167;F_168;F_169;F_170;F_171;F_172;F_173;F_174;F_175;F_176;F_177;F_236;F_238;F_278;F_279;F_280;F_307;F_310;F_313;F_316;F_320;F_323;F_324;F_354;F_355;F_356;F_357;F_358;F_359;F_360;F_361;G_294;G_295;G_298,True,True,False,True,True,True,False,False,3m0e,X-ray,2.63,2010
3m0e_1.pdb_3m0e_1_ATP_T.pdb,1,4bs1_1.pdb_4bs1_1_ADP_C6.pdb,4bs1_1.pdb_4bs1_1_ADP_C6.pdb,A_294;A_295;A_298;G_138;G_139;G_140;G_141;G_146;G_165;G_166;G_167;G_168;G_169;G_170;G_171;G_172;G_173;G_174;G_175;G_176;G_177;G_178;G_236;G_238;G_278;G_279;G_280;G_307;G_313;G_316;G_320;G_323;G_324;G_354;G_355;G_356;G_357;G_358;G_359;G_360;G_361,True,True,False,True,True,True,False,False,3m0e,X-ray,2.63,2010
5xmi_1.pdb_5xmi_1_ATP_K.pdb,1,5xmk_1.pdb_5xmk_1_ATP_S.pdb,5xmk_1.pdb_5xmk_1_ATP_S.pdb,E_257;E_263;E_285;E_288;E_289;F_130;F_134;F_135;F_136;F_137;F_138;F_173;F_174;F_175;F_176;F_177;F_178;F_179;F_180;F_181;F_182;F_183;F_184;F_230;F_232;F_275;F_276;F_277;F_296;F_299;F_303;F_306;F_307;F_310;F_311;F_335;F_336;F_337;F_338;F_339;F_340,False,False,False,True,False,False,False,False,5xmi,cryo-EM,3.9,2017
6vfx_1.pdb_6vfx_1_ATP_Z.pdb,1,6vfx_1.pdb_6vfx_1_ATP_V.pdb,6vfx_1.pdb_6vfx_1_ATP_V.pdb,C_117;C_119;C_120;C_121;C_122;C_123;C_124;C_125;C_126;C_127;C_128;C_129;C_130;C_182;C_184;C_185;C_248;C_249;C_250;C_313;C_314;C_316;C_320;C_321;C_323;C_324;C_325;C_328;C_330;C_332;C_367;C_368;C_369;C_370;C_371;C_74;C_77;C_78;C_79;C_80;C_81,True,True,False,True,False,False,False,False,6vfx,cryo-EM,2.9,2020
6vfx_1.pdb_6vfx_1_ADP_BA.pdb,0,6vfx_1.pdb_6vfx_1_ATP_V.pdb,6vfx_1.pdb_6vfx_1_ATP_V.pdb,D_117;D_119;D_120;D_121;D_122;D_123;D_124;D_125;D_126;D_127;D_128;D_129;D_130;D_182;D_184;D_185;D_248;D_249;D_250;D_313;D_314;D_316;D_320;D_321;D_323;D_324;D_325;D_328;D_330;D_332;D_367;D_368;D_369;D_370;D_371;D_74;D_77;D_78;D_79;D_80;D_81,False,False,False,True,False,False,False,False,6vfx,cryo-EM,2.9,2020
6w23_1.pdb_6w23_1_ATP_J.pdb,1,6w23_1.pdb_6w23_1_ATP_J.pdb,6w23_1.pdb_6w23_1_ATP_J.pdb,A_205;A_206;A_207;A_335;A_336;A_339;B_186;B_187;B_188;B_189;B_190;B_191;B_214;B_215;B_216;B_217;B_218;B_219;B_220;B_221;B_222;B_223;B_225;B_283;B_285;B_286;B_321;B_322;B_323;B_349;B_353;B_356;B_357;B_358;B_360;B_361;B_365;B_395;B_396;B_399;B_400,False,False,False,True,True,False,True,False,6w23,cryo-EM,3.1,2020
6w23_1.pdb_6w23_1_ATP_N.pdb,1,6w23_1.pdb_6w23_1_ATP_J.pdb,6w23_1.pdb_6w23_1_ATP_J.pdb,C_205;C_206;C_207;C_335;C_336;C_339;D_186;D_187;D_188;D_189;D_190;D_191;D_214;D_215;D_216;D_217;D_218;D_219;D_220;D_221;D_222;D_223;D_225;D_283;D_285;D_286;D_321;D_322;D_323;D_346;D_349;D_353;D_357;D_358;D_360;D_361;D_365;D_395;D_396;D_399;D_400,False,False,False,True,True,False,True,False,6w23,cryo-EM,3.1,2020
7ksm_1.pdb_7ksm_1_ATP_H.pdb,1,7ksl_1.pdb_7ksl_1_ADP_H.pdb,7ksl_1.pdb_7ksl_1_ADP_H.pdb,A_489;A_491;A_492;A_493;A_494;A_498;A_521;A_523;A_524;A_525;A_526;A_527;A_528;A_529;A_530;A_531;A_532;A_533;A_546;A_588;A_590;A_591;A_638;A_639;A_640;A_658;A_661;A_665;A_668;A_669;A_670;A_672;A_673;A_674;A_677;A_707;A_708;A_709;A_710;A_713;B_614,True,True,False,True,False,False,False,False,7ksm,cryo-EM,3.2,2020
7ksl_1.pdb_7ksl_1_ADP_I.pdb,0,7ksl_1.pdb_7ksl_1_ADP_H.pdb,7ksl_1.pdb_7ksl_1_ADP_H.pdb,C_614;D_489;D_491;D_492;D_493;D_494;D_498;D_521;D_523;D_524;D_525;D_526;D_527;D_528;D_529;D_530;D_531;D_532;D_533;D_546;D_588;D_590;D_591;D_638;D_639;D_640;D_658;D_661;D_665;D_668;D_669;D_670;D_672;D_673;D_674;D_677;D_707;D_708;D_709;D_710;D_713,False,False,False,True,False,False,False,False,7ksl,cryo-EM,3.5,2020
8h3h_1.pdb_8h3h_1_ATP_H.pdb,1,8h3h_1.pdb_8h3h_1_ATP_I.pdb,8h3h_1.pdb_8h3h_1_ATP_I.pdb,A_587;B_426;B_427;B_428;B_429;B_430;B_431;B_465;B_467;B_468;B_469;B_470;B_471;B_472;B_473;B_474;B_475;B_476;B_477;B_478;B_529;B_531;B_532;B_573;B_574;B_575;B_596;B_599;B_603;B_606;B_607;B_608;B_610;B_611;B_635;B_636;B_637;B_638;B_639;B_640;B_641,False,False,True,True,True,False,True,False,8h3h,cryo-EM,3.15,2022
8osg_1.pdb_8osg_1_ADP_G.pdb,0,8osg_1.pdb_8osg_1_ADP_G.pdb,8osg_1.pdb_8osg_1_ADP_G.pdb,A_151;A_154;A_16;A_17;A_195;A_196;A_20;A_21;A_217;A_218;A_219;A_22;A_220;A_228;A_229;A_23;A_230;A_232;A_233;A_234;A_24;A_27;A_47;A_48;A_49;A_50;A_51;A_52;A_53;A_54;A_55;A_56;A_58;F_206;F_209;F_210;F_289;F_290;F_291;F_294;F_298,False,False,True,True,False,False,False,False,8osg,cryo-EM,3.8,2023
5vy8_1.pdb_5vy8_1_ADP_H.pdb,0,5vy8_1.pdb_5vy8_1_ADP_L.pdb,5vy8_1.pdb_5vy8_1_ADP_L.pdb,A_576;A_579;A_580;A_581;A_582;A_583;A_587;A_614;A_615;A_616;A_617;A_618;A_619;A_620;A_621;A_622;A_623;A_626;A_640;A_684;A_686;A_726;A_728;A_772;A_775;A_779;A_780;A_783;A_784;A_786;A_787;A_819;A_822;A_823;A_824;A_825;A_826;A_827;A_828;A_829,False,False,False,True,True,False,True,False,5vy8,cryo-EM,5.6,2017
6n8t_1.pdb_6n8t_1_ATP_J.pdb,1,5vy8_1.pdb_5vy8_1_ADP_L.pdb,5vy8_1.pdb_5vy8_1_ADP_L.pdb,B_576;B_577;B_578;B_579;B_580;B_581;B_582;B_583;B_612;B_614;B_615;B_616;B_617;B_618;B_619;B_620;B_621;B_622;B_623;B_624;B_625;B_626;B_640;B_684;B_686;B_726;B_728;B_772;B_775;B_779;B_780;B_783;B_787;B_824;B_825;B_826;B_827;B_828;B_829;B_830,False,False,True,True,True,False,True,True,6n8t,cryo-EM,7.7,2018
6baa_1.pdb_6baa_1_ATP_J.pdb,1,6c3o_1.pdb_6c3o_1_ADP_P.pdb,6c3o_1.pdb_6c3o_1_ADP_P.pdb,A_46;A_47;A_48;A_49;A_50;A_51;A_52;A_53;A_54;B_179;B_180;B_181;B_182;B_183;B_184;B_185;B_186;B_187;B_201;B_202;B_203;B_204;B_205;B_206;B_254;B_302;B_304;B_315;B_318;B_328;B_329;B_330;B_331;B_332;B_333;B_334;B_335;B_336;B_38;B_39,False,False,False,True,True,False,True,False,6baa,cryo-EM,3.63,2017
5ywc_1.pdb_5ywc_1_ADP_S.pdb,0,6c3o_1.pdb_6c3o_1_ADP_P.pdb,6c3o_1.pdb_6c3o_1_ADP_P.pdb,E_46;E_47;E_48;E_49;E_50;E_51;E_52;E_53;E_54;G_179;G_180;G_181;G_182;G_183;G_184;G_185;G_186;G_187;G_201;G_202;G_203;G_204;G_205;G_206;G_254;G_302;G_304;G_315;G_318;G_328;G_329;G_330;G_331;G_332;G_333;G_334;G_335;G_336;G_38;G_39,False,False,False,True,True,False,True,False,5ywc,cryo-EM,4.3,2017
5ywc_1.pdb_5ywc_1_ADP_X.pdb,0,6c3o_1.pdb_6c3o_1_ADP_P.pdb,6c3o_1.pdb_6c3o_1_ADP_P.pdb,A_179;A_180;A_181;A_182;A_183;A_184;A_185;A_186;A_187;A_201;A_202;A_203;A_204;A_205;A_206;A_254;A_302;A_304;A_315;A_318;A_328;A_329;A_330;A_331;A_332;A_333;A_334;A_335;A_336;A_38;A_39;G_46;G_47;G_48;G_49;G_50;G_51;G_52;G_53;G_54,False,False,False,True,True,False,True,False,5ywc,cryo-EM,4.3,2017
6vfx_1.pdb_6vfx_1_ATP_CA.pdb,1,6vfx_1.pdb_6vfx_1_ATP_V.pdb,6vfx_1.pdb_6vfx_1_ATP_V.pdb,E_119;E_120;E_121;E_122;E_123;E_124;E_125;E_126;E_127;E_128;E_130;E_182;E_184;E_185;E_248;E_249;E_250;E_313;E_314;E_316;E_320;E_321;E_324;E_328;E_330;E_331;E_332;E_335;E_366;E_367;E_368;E_369;E_371;E_372;E_74;E_77;E_78;E_79;E_80;E_81,True,True,False,True,False,False,False,False,6vfx,cryo-EM,2.9,2020
6vfx_1.pdb_6vfx_1_ATP_EA.pdb,1,6vfx_1.pdb_6vfx_1_ATP_V.pdb,6vfx_1.pdb_6vfx_1_ATP_V.pdb,F_117;F_119;F_120;F_121;F_122;F_123;F_124;F_125;F_126;F_127;F_128;F_130;F_182;F_184;F_185;F_248;F_249;F_250;F_313;F_314;F_316;F_320;F_321;F_323;F_324;F_328;F_330;F_331;F_332;F_335;F_366;F_367;F_368;F_369;F_74;F_77;F_78;F_79;F_80;F_81,True,True,False,True,False,False,False,False,6vfx,cryo-EM,2.9,2020
6w23_1.pdb_6w23_1_ATP_M.pdb,1,6w23_1.pdb_6w23_1_ATP_J.pdb,6w23_1.pdb_6w23_1_ATP_J.pdb,B_642;C_457;C_458;C_459;C_460;C_461;C_462;C_463;C_493;C_495;C_496;C_497;C_498;C_499;C_500;C_501;C_502;C_503;C_504;C_505;C_506;C_518;C_564;C_565;C_604;C_605;C_606;C_650;C_651;C_653;C_657;C_660;C_661;C_662;C_664;C_665;C_700;C_701;C_702;C_705,False,False,True,True,True,False,True,True,6w23,cryo-EM,3.1,2020
5jwq_1.pdb_5jwq_1_ADP_F2.pdb,0,7dy1_1.pdb_7dy1_1_ATP_G.pdb,7dy1_1.pdb_7dy1_1_ATP_G.pdb,A_200;A_203;A_224;A_225;A_226;A_227;A_228;A_229;A_230;A_231;G_146;G_147;G_182;G_183;G_184;G_208;G_210;G_219;G_239;G_240;G_241;G_242;G_243;G_244;G_47;G_48;G_49;G_50;G_51;G_52;G_53;G_54;G_55;G_56;G_78;G_79;G_87;G_89;G_90;G_91,False,False,True,True,True,False,True,True,5jwq,X-ray,3.87,2016
5jwq_1.pdb_5jwq_1_ADP_F3.pdb,0,7dy1_1.pdb_7dy1_1_ATP_G.pdb,7dy1_1.pdb_7dy1_1_ATP_G.pdb,E_200;E_203;E_224;E_225;E_226;E_227;E_228;E_229;E_230;E_231;K_146;K_147;K_182;K_183;K_184;K_208;K_210;K_219;K_239;K_240;K_241;K_242;K_243;K_47;K_48;K_49;K_50;K_51;K_52;K_53;K_54;K_55;K_56;K_58;K_78;K_79;K_87;K_89;K_90;K_91,False,False,True,True,True,False,True,True,5jwq,X-ray,3.87,2016
7sxo_1.pdb_7sxo_1_ATP_H.pdb,1,7ksl_1.pdb_7ksl_1_ADP_H.pdb,7ksl_1.pdb_7ksl_1_ADP_H.pdb,A_599;A_600;A_601;A_602;A_603;A_630;A_632;A_633;A_634;A_635;A_636;A_637;A_639;A_640;A_641;A_699;A_700;A_748;A_749;A_750;A_771;A_775;A_778;A_779;A_780;A_782;A_783;A_784;A_787;A_817;A_818;A_819;A_820;A_823;F_718;F_722;F_724;F_758;F_761;F_762,False,False,False,True,True,False,True,False,7sxo,cryo-EM,3.3,2021
7sxo_1.pdb_7sxo_1_ADP_J.pdb,0,7ksl_1.pdb_7ksl_1_ADP_H.pdb,7ksl_1.pdb_7ksl_1_ADP_H.pdb,A_718;A_722;A_724;A_758;A_761;A_762;B_599;B_600;B_601;B_602;B_603;B_630;B_632;B_633;B_634;B_635;B_636;B_637;B_639;B_640;B_641;B_699;B_700;B_748;B_749;B_750;B_771;B_775;B_778;B_779;B_780;B_782;B_783;B_784;B_787;B_817;B_818;B_819;B_820;B_823,False,False,True,True,True,False,True,False,7sxo,cryo-EM,3.3,2021
8h3h_1.pdb_8h3h_1_ATP_I.pdb,1,8h3h_1.pdb_8h3h_1_ATP_I.pdb,8h3h_1.pdb_8h3h_1_ATP_I.pdb,B_587;C_426;C_427;C_428;C_429;C_430;C_431;C_465;C_466;C_467;C_468;C_469;C_470;C_471;C_472;C_473;C_474;C_475;C_476;C_477;C_478;C_529;C_531;C_532;C_573;C_574;C_575;C_596;C_599;C_603;C_606;C_607;C_608;C_610;C_611;C_635;C_636;C_637;C_638;C_640,False,False,True,True,True,False,True,False,8h3h,cryo-EM,3.15,2022
3keu_1.pdb_3keu_1_ATP_F.pdb,1,3keu_1.pdb_3keu_1_ATP_F.pdb,3keu_1.pdb_3keu_1_ATP_F.pdb,A_113;A_114;A_115;A_117;A_118;A_127;A_148;A_149;A_150;A_151;A_152;A_153;A_184;A_185;A_186;A_187;A_188;A_198;A_199;A_221;A_225;A_226;A_227;A_228;A_229;A_230;A_231;A_232;A_233;A_234;A_235;A_236;A_237;A_238;A_259;A_260;A_261;A_264;A_267,True,True,False,True,True,True,False,False,3keu,X-ray,2.1,2009
1rfu_1.pdb_1rfu_1_ADP_K.pdb,0,3keu_1.pdb_3keu_1_ATP_F.pdb,3keu_1.pdb_3keu_1_ATP_F.pdb,A_113;A_114;A_115;A_117;A_118;A_127;A_148;A_149;A_150;A_151;A_152;A_153;A_184;A_185;A_186;A_187;A_188;A_198;A_199;A_221;A_225;A_226;A_227;A_228;A_229;A_230;A_231;A_232;A_233;A_234;A_235;A_236;A_237;A_238;A_259;A_260;A_261;A_264;A_267,False,True,False,True,True,True,False,False,1rfu,X-ray,2.8,2003
5vy8_1.pdb_5vy8_1_ADP_P.pdb,0,5vy8_1.pdb_5vy8_1_ADP_L.pdb,5vy8_1.pdb_5vy8_1_ADP_L.pdb,D_764;E_576;E_579;E_580;E_581;E_582;E_583;E_615;E_616;E_617;E_618;E_619;E_620;E_621;E_622;E_623;E_625;E_626;E_640;E_684;E_686;E_726;E_728;E_775;E_779;E_780;E_783;E_784;E_786;E_787;E_819;E_822;E_823;E_824;E_825;E_826;E_827;E_828;E_829,False,False,False,True,True,False,True,False,5vy8,cryo-EM,5.6,2017
6n8t_1.pdb_6n8t_1_ATP_P.pdb,1,5vy8_1.pdb_5vy8_1_ADP_L.pdb,5vy8_1.pdb_5vy8_1_ADP_L.pdb,D_761;E_576;E_577;E_579;E_580;E_581;E_582;E_583;E_612;E_614;E_615;E_616;E_617;E_618;E_619;E_620;E_621;E_622;E_623;E_624;E_625;E_626;E_640;E_684;E_686;E_726;E_728;E_772;E_773;E_775;E_779;E_783;E_786;E_787;E_790;E_824;E_825;E_826;E_829,False,False,True,True,True,False,True,False,6n8t,cryo-EM,7.7,2018
5xmk_1.pdb_5xmk_1_ATP_S.pdb,1,5xmk_1.pdb_5xmk_1_ATP_S.pdb,5xmk_1.pdb_5xmk_1_ATP_S.pdb,E_261;E_285;E_288;E_289;F_133;F_134;F_135;F_136;F_137;F_138;F_173;F_174;F_175;F_176;F_177;F_178;F_179;F_180;F_181;F_182;F_183;F_184;F_230;F_232;F_275;F_276;F_277;F_296;F_299;F_303;F_307;F_310;F_311;F_335;F_336;F_337;F_338;F_340;F_341,False,False,False,True,False,False,False,False,5xmk,cryo-EM,4.18,2017
6jq0_1.pdb_6jq0_1_ATP_L.pdb,1,6jq0_1.pdb_6jq0_1_ATP_I.pdb,6jq0_1.pdb_6jq0_1_ATP_I.pdb,E_266;E_267;E_268;E_269;E_270;E_271;E_305;E_306;E_307;E_308;E_309;E_310;E_311;E_312;E_313;E_314;E_315;E_316;E_317;E_318;E_371;E_372;E_413;E_414;E_415;E_436;E_439;E_443;E_446;E_447;E_448;E_450;E_451;E_475;E_476;E_477;E_478;E_479;E_480,False,False,False,True,True,False,True,False,6jq0,cryo-EM,3.54,2019
6jq0_1.pdb_6jq0_1_ADP_H.pdb,0,6jq0_1.pdb_6jq0_1_ATP_I.pdb,6jq0_1.pdb_6jq0_1_ATP_I.pdb,A_266;A_267;A_268;A_269;A_270;A_271;A_305;A_306;A_307;A_308;A_309;A_310;A_311;A_312;A_313;A_314;A_315;A_316;A_317;A_318;A_371;A_372;A_413;A_414;A_415;A_436;A_439;A_443;A_446;A_447;A_448;A_450;A_451;A_475;A_476;A_477;A_478;A_479;A_480,False,False,False,True,True,False,True,False,6jq0,cryo-EM,3.54,2019
6p07_1.pdb_6p07_1_ATP_L.pdb,1,6pen_1.pdb_6pen_1_ADP_Q.pdb,6pen_1.pdb_6pen_1_ADP_Q.pdb,C_483;C_484;C_485;C_486;C_487;C_488;C_521;C_523;C_524;C_525;C_526;C_527;C_528;C_529;C_530;C_531;C_532;C_534;C_580;C_582;C_583;C_627;C_628;C_629;C_648;C_651;C_655;C_659;C_662;C_663;C_687;C_688;C_689;C_690;C_691;C_692;C_693;C_696;C_746,True,True,True,True,True,True,False,False,6p07,cryo-EM,3.2,2019
6p07_1.pdb_6p07_1_ADP_S.pdb,0,6pen_1.pdb_6pen_1_ADP_Q.pdb,6pen_1.pdb_6pen_1_ADP_Q.pdb,F_483;F_484;F_485;F_486;F_487;F_488;F_521;F_523;F_524;F_525;F_526;F_527;F_528;F_529;F_530;F_531;F_532;F_534;F_580;F_582;F_583;F_627;F_628;F_629;F_648;F_651;F_655;F_659;F_662;F_663;F_687;F_688;F_689;F_690;F_691;F_692;F_693;F_696;F_746,True,True,False,True,True,True,False,False,6p07,cryo-EM,3.2,2019
6p07_1.pdb_6p07_1_ATP_P.pdb,1,6pen_1.pdb_6pen_1_ADP_Q.pdb,6pen_1.pdb_6pen_1_ADP_Q.pdb,E_482;E_483;E_484;E_485;E_486;E_487;E_488;E_521;E_523;E_524;E_525;E_526;E_527;E_528;E_529;E_530;E_531;E_532;E_580;E_582;E_583;E_627;E_628;E_629;E_630;E_648;E_651;E_655;E_658;E_659;E_662;E_663;E_687;E_688;E_689;E_690;E_692;E_693;E_746,True,True,True,True,True,True,False,False,6p07,cryo-EM,3.2,2019
6ray_1.pdb_6ray_1_ATP_N.pdb,1,6raw_1.pdb_6raw_1_ATP_P.pdb,6raw_1.pdb_6raw_1_ATP_P.pdb,B_469;B_470;B_471;B_472;B_473;B_474;B_475;B_479;B_510;B_512;B_513;B_514;B_515;B_516;B_517;B_518;B_519;B_520;B_521;B_522;B_534;B_576;B_577;B_618;B_619;B_620;B_652;B_654;B_664;B_668;C_459;C_463;C_510;C_514;C_602;C_603;C_604;C_605;C_607,False,False,False,True,True,False,True,False,6ray,cryo-EM,4.28,2019
6raw_1.pdb_6raw_1_ADP_Q.pdb,0,6raw_1.pdb_6raw_1_ATP_P.pdb,6raw_1.pdb_6raw_1_ATP_P.pdb,C_469;C_470;C_471;C_472;C_473;C_474;C_475;C_479;C_510;C_512;C_513;C_514;C_515;C_516;C_517;C_518;C_519;C_520;C_521;C_522;C_534;C_576;C_577;C_618;C_619;C_620;C_652;C_654;C_664;C_668;F_459;F_463;F_510;F_514;F_602;F_603;F_604;F_605;F_607,False,False,False,True,True,False,True,False,6raw,cryo-EM,3.7,2019
6vfx_1.pdb_6vfx_1_ATP_V.pdb,1,6vfx_1.pdb_6vfx_1_ATP_V.pdb,6vfx_1.pdb_6vfx_1_ATP_V.pdb,A_119;A_120;A_121;A_122;A_123;A_124;A_125;A_126;A_127;A_128;A_130;A_182;A_184;A_185;A_248;A_249;A_250;A_313;A_314;A_316;A_320;A_323;A_324;A_328;A_330;A_331;A_332;A_335;A_366;A_367;A_368;A_369;A_371;A_372;A_77;A_78;A_79;A_80;A_81,True,True,False,True,False,False,False,False,6vfx,cryo-EM,2.9,2020
6vfx_1.pdb_6vfx_1_ATP_X.pdb,1,6vfx_1.pdb_6vfx_1_ATP_V.pdb,6vfx_1.pdb_6vfx_1_ATP_V.pdb,B_119;B_120;B_121;B_122;B_123;B_124;B_125;B_126;B_127;B_128;B_130;B_182;B_184;B_185;B_248;B_249;B_250;B_313;B_316;B_320;B_321;B_323;B_324;B_328;B_330;B_331;B_332;B_335;B_366;B_367;B_368;B_369;B_371;B_372;B_77;B_78;B_79;B_80;B_81,True,True,False,True,False,False,False,False,6vfx,cryo-EM,2.9,2020
6w23_1.pdb_6w23_1_ATP_O.pdb,1,6w23_1.pdb_6w23_1_ATP_J.pdb,6w23_1.pdb_6w23_1_ATP_J.pdb,C_642;D_459;D_460;D_461;D_462;D_463;D_493;D_495;D_496;D_497;D_498;D_499;D_500;D_501;D_502;D_503;D_504;D_505;D_506;D_518;D_564;D_565;D_604;D_605;D_606;D_650;D_651;D_653;D_657;D_660;D_661;D_662;D_664;D_665;D_700;D_701;D_702;D_703;D_705,False,False,True,True,True,False,True,True,6w23,cryo-EM,3.1,2020
6w23_1.pdb_6w23_1_ATP_Q.pdb,1,6w23_1.pdb_6w23_1_ATP_J.pdb,6w23_1.pdb_6w23_1_ATP_J.pdb,D_642;E_456;E_458;E_459;E_460;E_461;E_462;E_463;E_493;E_495;E_496;E_497;E_498;E_499;E_500;E_501;E_502;E_503;E_504;E_505;E_506;E_518;E_564;E_565;E_604;E_605;E_606;E_650;E_651;E_653;E_657;E_660;E_661;E_664;E_665;E_700;E_701;E_702;E_705,False,False,True,True,True,False,True,True,6w23,cryo-EM,3.1,2020
7dy1_1.pdb_7dy1_1_ATP_T.pdb,1,7dy1_1.pdb_7dy1_1_ATP_G.pdb,7dy1_1.pdb_7dy1_1_ATP_G.pdb,D_288;D_289;D_290;D_291;D_292;D_293;D_294;D_295;D_296;D_297;D_299;D_318;D_319;D_327;D_330;D_331;D_379;D_413;D_415;D_440;D_442;D_451;D_475;D_476;E_262;E_431;E_434;E_435;E_437;E_455;E_456;E_457;E_458;E_459;E_460;E_461;E_462;E_463;E_465,True,True,True,True,True,True,False,False,7dy1,X-ray,2.2,2021
7dy2_1.pdb_7dy2_1_ADP_DA.pdb,0,7dy1_1.pdb_7dy1_1_ATP_G.pdb,7dy1_1.pdb_7dy1_1_ATP_G.pdb,C_262;C_431;C_434;C_435;C_437;C_455;C_456;C_457;C_458;C_459;C_460;C_461;C_462;C_463;C_465;F_288;F_289;F_290;F_291;F_292;F_293;F_294;F_295;F_296;F_297;F_299;F_318;F_319;F_327;F_330;F_331;F_379;F_413;F_415;F_440;F_442;F_451;F_475;F_476,True,True,False,True,True,True,False,False,7dy2,X-ray,3.04,2021
7ksm_1.pdb_7ksm_1_ADP_P.pdb,0,7ksl_1.pdb_7ksl_1_ADP_H.pdb,7ksl_1.pdb_7ksl_1_ADP_H.pdb,E_489;E_491;E_492;E_493;E_494;E_498;E_521;E_523;E_524;E_525;E_526;E_527;E_528;E_529;E_530;E_531;E_532;E_533;E_546;E_588;E_638;E_639;E_640;E_658;E_661;E_665;E_668;E_669;E_670;E_672;E_673;E_674;E_677;E_707;E_708;E_709;E_710;E_713;F_651,False,False,False,True,False,False,False,False,7ksm,cryo-EM,3.2,2020
7ksm_1.pdb_7ksm_1_ATP_J.pdb,1,7ksl_1.pdb_7ksl_1_ADP_H.pdb,7ksl_1.pdb_7ksl_1_ADP_H.pdb,B_490;B_491;B_492;B_493;B_494;B_498;B_521;B_523;B_524;B_525;B_526;B_527;B_528;B_529;B_530;B_531;B_532;B_533;B_591;B_638;B_639;B_640;B_658;B_659;B_661;B_665;B_668;B_669;B_670;B_672;B_673;B_674;B_677;B_708;B_709;B_710;B_713;C_651;C_652,True,True,False,True,False,False,False,False,7ksm,cryo-EM,3.2,2020
7ksl_1.pdb_7ksl_1_ADP_H.pdb,0,7ksl_1.pdb_7ksl_1_ADP_H.pdb,7ksl_1.pdb_7ksl_1_ADP_H.pdb,B_651;B_652;C_490;C_491;C_492;C_493;C_494;C_498;C_521;C_523;C_524;C_525;C_526;C_527;C_528;C_529;C_530;C_531;C_532;C_533;C_591;C_638;C_639;C_640;C_658;C_659;C_661;C_665;C_668;C_669;C_670;C_672;C_673;C_674;C_677;C_708;C_709;C_710;C_713,False,False,False,True,False,False,False,False,7ksl,cryo-EM,3.5,2020
7ksm_1.pdb_7ksm_1_ATP_M.pdb,1,7ksl_1.pdb_7ksl_1_ADP_H.pdb,7ksl_1.pdb_7ksl_1_ADP_H.pdb,C_490;C_491;C_492;C_493;C_494;C_498;C_521;C_523;C_524;C_525;C_526;C_527;C_528;C_529;C_530;C_531;C_532;C_533;C_591;C_638;C_639;C_640;C_658;C_661;C_665;C_668;C_669;C_670;C_672;C_673;C_674;C_677;C_707;C_708;C_709;C_710;C_713;D_651;D_652,True,True,False,True,False,False,False,False,7ksm,cryo-EM,3.2,2020
7ksm_1.pdb_7ksm_1_ADP_Q.pdb,0,7ksl_1.pdb_7ksl_1_ADP_H.pdb,7ksl_1.pdb_7ksl_1_ADP_H.pdb,F_490;F_491;F_492;F_493;F_494;F_521;F_522;F_523;F_524;F_525;F_526;F_527;F_528;F_529;F_530;F_531;F_532;F_533;F_590;F_591;F_594;F_638;F_639;F_640;F_658;F_661;F_665;F_668;F_669;F_670;F_672;F_673;F_674;F_677;F_707;F_708;F_709;F_710;F_713,False,False,False,True,False,False,False,False,7ksm,cryo-EM,3.2,2020
7ksm_1.pdb_7ksm_1_ATP_N.pdb,1,7ksl_1.pdb_7ksl_1_ADP_H.pdb,7ksl_1.pdb_7ksl_1_ADP_H.pdb,D_489;D_490;D_491;D_492;D_493;D_494;D_498;D_521;D_523;D_524;D_525;D_526;D_527;D_528;D_529;D_530;D_531;D_532;D_533;D_590;D_591;D_638;D_639;D_640;D_658;D_659;D_661;D_665;D_669;D_670;D_672;D_673;D_674;D_677;D_708;D_709;D_710;D_713;E_614,True,True,False,True,False,False,False,False,7ksm,cryo-EM,3.2,2020
7sxo_1.pdb_7sxo_1_ATP_N.pdb,1,7ksl_1.pdb_7ksl_1_ADP_H.pdb,7ksl_1.pdb_7ksl_1_ADP_H.pdb,D_718;D_722;D_724;D_758;D_761;E_599;E_600;E_601;E_602;E_603;E_630;E_632;E_633;E_634;E_635;E_636;E_637;E_639;E_640;E_641;E_697;E_699;E_700;E_748;E_749;E_750;E_771;E_775;E_778;E_779;E_780;E_782;E_783;E_784;E_818;E_819;E_820;E_821;E_823,False,False,True,True,True,False,True,True,7sxo,cryo-EM,3.3,2021
7sxo_1.pdb_7sxo_1_ATP_Q.pdb,1,7ksl_1.pdb_7ksl_1_ADP_H.pdb,7ksl_1.pdb_7ksl_1_ADP_H.pdb,E_718;E_722;E_724;E_758;E_761;E_762;F_599;F_600;F_601;F_602;F_603;F_632;F_633;F_634;F_635;F_636;F_637;F_639;F_640;F_641;F_699;F_700;F_748;F_749;F_750;F_771;F_775;F_779;F_780;F_782;F_783;F_784;F_787;F_817;F_818;F_819;F_820;F_823;F_827,False,False,False,True,True,False,True,False,7sxo,cryo-EM,3.3,2021
7abr_1.pdb_7abr_1_ATP_J.pdb,1,8a8w_1.pdb_8a8w_1_ADP_H.pdb,8a8w_1.pdb_8a8w_1_ADP_H.pdb,A_199;A_200;A_201;A_332;B_180;B_181;B_182;B_183;B_184;B_185;B_189;B_206;B_208;B_209;B_210;B_211;B_212;B_213;B_214;B_215;B_216;B_217;B_219;B_277;B_279;B_280;B_314;B_315;B_342;B_349;B_350;B_351;B_353;B_354;B_358;B_387;B_388;B_389;B_392,False,False,False,True,True,False,True,False,7abr,cryo-EM,3.7,2020
8h3h_1.pdb_8h3h_1_ATP_K.pdb,1,8h3h_1.pdb_8h3h_1_ATP_I.pdb,8h3h_1.pdb_8h3h_1_ATP_I.pdb,D_587;E_426;E_427;E_428;E_429;E_430;E_431;E_466;E_467;E_468;E_469;E_470;E_471;E_472;E_473;E_474;E_475;E_476;E_477;E_478;E_531;E_532;E_573;E_574;E_575;E_596;E_599;E_603;E_606;E_607;E_608;E_610;E_611;E_635;E_636;E_637;E_638;E_639;E_640,False,False,True,True,True,False,True,False,8h3h,cryo-EM,3.15,2022
1rfu_1.pdb_1rfu_1_ADP_W.pdb,0,3keu_1.pdb_3keu_1_ATP_F.pdb,3keu_1.pdb_3keu_1_ATP_F.pdb,B_113;B_114;B_115;B_117;B_118;B_127;B_148;B_149;B_150;B_151;B_152;B_153;B_184;B_185;B_186;B_187;B_188;B_198;B_199;B_225;B_226;B_227;B_228;B_229;B_230;B_231;B_232;B_233;B_234;B_235;B_236;B_237;B_238;B_259;B_260;B_261;B_264;B_267,False,True,False,True,True,True,False,False,1rfu,X-ray,2.8,2003
3keu_1.pdb_3keu_1_ATP_Q.pdb,1,3keu_1.pdb_3keu_1_ATP_F.pdb,3keu_1.pdb_3keu_1_ATP_F.pdb,B_113;B_114;B_115;B_117;B_118;B_127;B_148;B_149;B_150;B_151;B_152;B_153;B_184;B_185;B_186;B_187;B_188;B_199;B_225;B_226;B_227;B_228;B_229;B_230;B_231;B_232;B_233;B_234;B_235;B_236;B_237;B_238;B_259;B_260;B_261;B_264;B_267;B_268,True,True,False,True,True,True,False,False,3keu,X-ray,2.1,2009
6jq0_1.pdb_6jq0_1_ATP_I.pdb,1,6jq0_1.pdb_6jq0_1_ATP_I.pdb,6jq0_1.pdb_6jq0_1_ATP_I.pdb,B_266;B_267;B_268;B_269;B_270;B_271;B_307;B_308;B_309;B_310;B_311;B_312;B_313;B_314;B_315;B_316;B_317;B_318;B_371;B_372;B_413;B_414;B_415;B_436;B_439;B_443;B_444;B_446;B_447;B_448;B_450;B_451;B_475;B_476;B_477;B_478;B_479;B_480,False,False,False,True,True,False,True,False,6jq0,cryo-EM,3.54,2019
6jq0_1.pdb_6jq0_1_ATP_M.pdb,1,6jq0_1.pdb_6jq0_1_ATP_I.pdb,6jq0_1.pdb_6jq0_1_ATP_I.pdb,F_267;F_268;F_269;F_270;F_271;F_305;F_306;F_307;F_308;F_309;F_310;F_311;F_312;F_313;F_314;F_315;F_316;F_317;F_318;F_371;F_372;F_413;F_414;F_415;F_436;F_439;F_443;F_446;F_447;F_448;F_450;F_451;F_475;F_476;F_477;F_478;F_479;F_480,False,False,False,True,True,False,True,False,6jq0,cryo-EM,3.54,2019
6p07_1.pdb_6p07_1_ATP_H.pdb,1,6pen_1.pdb_6pen_1_ADP_Q.pdb,6pen_1.pdb_6pen_1_ADP_Q.pdb,A_482;A_483;A_484;A_485;A_486;A_487;A_488;A_521;A_523;A_524;A_525;A_526;A_527;A_528;A_529;A_530;A_531;A_532;A_534;A_583;A_627;A_628;A_629;A_630;A_648;A_651;A_655;A_659;A_662;A_663;A_687;A_688;A_689;A_690;A_692;A_693;A_696;A_746,True,True,True,True,True,True,False,False,6p07,cryo-EM,3.2,2019
6p07_1.pdb_6p07_1_ATP_J.pdb,1,6pen_1.pdb_6pen_1_ADP_Q.pdb,6pen_1.pdb_6pen_1_ADP_Q.pdb,B_483;B_484;B_485;B_486;B_487;B_488;B_521;B_523;B_524;B_525;B_526;B_527;B_528;B_529;B_530;B_531;B_532;B_534;B_580;B_582;B_583;B_627;B_628;B_629;B_648;B_651;B_655;B_659;B_662;B_663;B_687;B_688;B_689;B_690;B_691;B_692;B_693;B_696,True,True,False,True,True,True,False,False,6p07,cryo-EM,3.2,2019
7dy1_1.pdb_7dy1_1_ATP_G.pdb,1,7dy1_1.pdb_7dy1_1_ATP_G.pdb,7dy1_1.pdb_7dy1_1_ATP_G.pdb,A_146;A_147;A_182;A_183;A_184;A_208;A_219;A_240;A_242;A_243;A_244;A_47;A_48;A_49;A_50;A_51;A_52;A_53;A_54;A_55;A_56;A_78;A_79;A_87;A_88;A_89;A_90;A_91;B_200;B_203;B_224;B_225;B_226;B_227;B_228;B_229;B_230;B_231,True,True,True,True,False,False,False,False,7dy1,X-ray,2.2,2021
7dy1_1.pdb_7dy1_1_ATP_K.pdb,1,7dy1_1.pdb_7dy1_1_ATP_G.pdb,7dy1_1.pdb_7dy1_1_ATP_G.pdb,B_146;B_147;B_182;B_183;B_184;B_208;B_210;B_219;B_240;B_241;B_243;B_244;B_47;B_48;B_49;B_50;B_51;B_52;B_53;B_54;B_55;B_56;B_79;B_87;B_88;B_89;B_90;B_91;C_200;C_203;C_224;C_225;C_226;C_227;C_228;C_229;C_230;C_231,True,True,True,True,False,False,False,False,7dy1,X-ray,2.2,2021
7dy1_1.pdb_7dy1_1_ATP_L.pdb,1,7dy1_1.pdb_7dy1_1_ATP_G.pdb,7dy1_1.pdb_7dy1_1_ATP_G.pdb,B_288;B_289;B_290;B_291;B_292;B_293;B_294;B_295;B_296;B_297;B_299;B_318;B_319;B_327;B_330;B_331;B_379;B_413;B_415;B_440;B_442;B_451;B_476;C_262;C_431;C_434;C_435;C_437;C_455;C_456;C_457;C_458;C_459;C_460;C_461;C_462;C_463;C_465,True,True,True,True,True,True,False,False,7dy1,X-ray,2.2,2021
8h3h_1.pdb_8h3h_1_ATP_J.pdb,1,8h3h_1.pdb_8h3h_1_ATP_I.pdb,8h3h_1.pdb_8h3h_1_ATP_I.pdb,C_587;D_426;D_427;D_428;D_429;D_430;D_431;D_467;D_468;D_469;D_470;D_471;D_472;D_473;D_474;D_475;D_476;D_477;D_478;D_531;D_532;D_573;D_574;D_575;D_596;D_599;D_603;D_606;D_607;D_608;D_610;D_611;D_635;D_636;D_637;D_638;D_639;D_640,False,False,True,True,True,False,True,False,8h3h,cryo-EM,3.15,2022
8oma_1.pdb_8oma_1_ATP_E.pdb,1,8oma_1.pdb_8oma_1_ATP_F.pdb,8oma_1.pdb_8oma_1_ATP_F.pdb,A_637;A_642;A_643;A_645;A_647;A_648;A_649;A_650;A_651;A_652;A_653;A_667;A_669;A_670;A_671;A_672;A_673;A_674;A_675;A_676;A_677;A_678;A_679;A_680;A_681;A_748;A_749;A_781;A_782;A_783;A_802;A_813;A_814;A_815;A_816;B_950;B_980;B_981,False,False,True,True,False,False,False,False,8oma,cryo-EM,3.29,2023
8om5_1.pdb_8om5_1_ADP_C.pdb,0,8oma_1.pdb_8oma_1_ATP_F.pdb,8oma_1.pdb_8oma_1_ATP_F.pdb,A_637;A_642;A_643;A_645;A_647;A_648;A_649;A_650;A_651;A_652;A_653;A_667;A_669;A_670;A_671;A_672;A_673;A_674;A_675;A_676;A_677;A_678;A_679;A_680;A_681;A_748;A_749;A_781;A_782;A_783;A_802;A_813;A_814;A_815;A_816;B_950;B_980;B_981,True,True,True,True,False,False,False,False,8om5,cryo-EM,3.52,2023
7p50_1.pdb_7p50_1_ATP_I.pdb,1,5l9n_1.pdb_5l9n_1_ATP_B3.pdb,5l9n_1.pdb_5l9n_1_ATP_B3.pdb,B_33;B_34;B_35;B_36;B_37;B_54;B_55;B_57;B_58;B_6;B_7;B_8;B_85;B_87;B_88;B_89;B_9;B_90;B_92;C_101;C_102;C_103;C_104;C_111;C_2;C_26;C_27;C_28;C_29;C_3;C_30;C_4;C_62;C_63;C_64;C_65;C_99,True,True,True,True,False,False,False,False,7p50,not recorded,1.16,2021
2j9d_1.pdb_2j9d_1_ADP_O.pdb,0,5l9n_1.pdb_5l9n_1_ATP_B3.pdb,5l9n_1.pdb_5l9n_1_ATP_B3.pdb,B_101;B_102;B_103;B_104;B_111;B_2;B_26;B_27;B_28;B_29;B_3;B_30;B_4;B_62;B_63;B_64;B_65;B_99;C_33;C_34;C_35;C_36;C_37;C_54;C_55;C_57;C_58;C_6;C_7;C_8;C_85;C_87;C_88;C_89;C_9;C_90;C_92,False,False,True,True,False,False,False,False,2j9d,X-ray,2.1,2006
6az0_1.pdb_6az0_1_ATP_H.pdb,1,6az0_1.pdb_6az0_1_ATP_S.pdb,6az0_1.pdb_6az0_1_ATP_S.pdb,A_282;A_283;A_284;A_285;A_286;A_320;A_321;A_322;A_323;A_324;A_325;A_326;A_327;A_328;A_329;A_330;A_331;A_332;A_380;A_381;A_422;A_424;A_445;A_446;A_448;A_452;A_455;A_456;A_459;A_460;A_483;A_484;A_485;A_486;A_487;A_488;B_436,True,True,False,True,False,False,False,False,6az0,cryo-EM,3.4,2017
6az0_1.pdb_6az0_1_ADP_T.pdb,0,6az0_1.pdb_6az0_1_ATP_S.pdb,6az0_1.pdb_6az0_1_ATP_S.pdb,E_282;E_283;E_284;E_285;E_286;E_320;E_321;E_322;E_323;E_324;E_325;E_326;E_327;E_328;E_329;E_330;E_331;E_332;E_380;E_381;E_422;E_424;E_445;E_446;E_448;E_452;E_455;E_456;E_459;E_460;E_483;E_484;E_485;E_486;E_487;E_488;F_436,False,False,False,True,False,False,False,False,6az0,cryo-EM,3.4,2017
5twv_1.pdb_5twv_1_ATP_L.pdb,1,6c3o_1.pdb_6c3o_1_ADP_P.pdb,6c3o_1.pdb_6c3o_1_ADP_P.pdb,A_179;A_180;A_181;A_182;A_183;A_184;A_186;A_201;A_202;A_203;A_204;A_205;A_206;A_302;A_304;A_308;A_315;A_318;A_328;A_329;A_330;A_331;A_332;A_333;A_334;A_335;A_336;A_38;A_39;G_46;G_49;G_51;G_54;G_55;H_206;H_211;H_212,False,False,False,True,True,False,True,False,5twv,cryo-EM,6.3,2016
6jq0_1.pdb_6jq0_1_ATP_J.pdb,1,6jq0_1.pdb_6jq0_1_ATP_I.pdb,6jq0_1.pdb_6jq0_1_ATP_I.pdb,C_267;C_268;C_269;C_270;C_271;C_306;C_307;C_308;C_309;C_310;C_311;C_312;C_313;C_314;C_315;C_316;C_317;C_318;C_371;C_372;C_413;C_414;C_415;C_436;C_439;C_443;C_446;C_447;C_448;C_450;C_451;C_475;C_476;C_477;C_478;C_479;C_480,False,False,False,True,True,False,True,False,6jq0,cryo-EM,3.54,2019
6mdn_1.pdb_6mdn_1_ADP_M.pdb,0,6mdn_1.pdb_6mdn_1_ATP_V.pdb,6mdn_1.pdb_6mdn_1_ATP_V.pdb,A_218;A_219;A_220;A_221;A_222;A_223;A_260;A_261;A_262;A_263;A_264;A_265;A_266;A_267;A_268;A_269;A_270;A_271;A_328;A_329;A_372;A_373;A_374;A_395;A_398;A_402;A_405;A_406;A_409;A_410;A_437;A_438;A_439;A_440;A_442;A_443;A_446,False,False,False,True,True,False,True,False,6mdn,cryo-EM,4.4,2018
7dy1_1.pdb_7dy1_1_ATP_W.pdb,1,7dy1_1.pdb_7dy1_1_ATP_G.pdb,7dy1_1.pdb_7dy1_1_ATP_G.pdb,E_146;E_147;E_182;E_183;E_184;E_208;E_219;E_240;E_241;E_243;E_244;E_47;E_48;E_49;E_50;E_51;E_52;E_53;E_54;E_56;E_78;E_79;E_87;E_88;E_89;E_90;E_91;F_200;F_203;F_224;F_225;F_226;F_227;F_228;F_229;F_230;F_231,True,True,True,True,False,False,False,False,7dy1,X-ray,2.2,2021
7tmo_1.pdb_7tmo_1_ADP_R.pdb,0,7tmo_1.pdb_7tmo_1_ADP_R.pdb,7tmo_1.pdb_7tmo_1_ADP_R.pdb,E_237;E_256;E_257;E_258;E_259;E_260;E_261;E_262;E_263;E_264;E_265;E_267;E_286;E_289;E_415;E_441;E_446;E_449;E_450;E_451;E_452;E_528;E_530;E_531;E_532;E_535;F_146;F_351;F_352;F_354;F_355;F_379;F_380;F_381;F_382;F_383;F_401,True,True,True,True,True,True,False,False,7tmo,cryo-EM,3.3,2022
6opc_1.pdb_6opc_1_ADP_HA.pdb,0,8dat_1.pdb_8dat_1_ATP_T.pdb,8dat_1.pdb_8dat_1_ATP_T.pdb,E_217;E_218;E_219;E_220;E_223;E_256;E_257;E_258;E_259;E_260;E_261;E_262;E_263;E_264;E_265;E_266;E_312;E_314;E_315;E_356;E_357;E_379;E_380;E_382;E_386;E_389;E_390;E_391;E_393;E_394;E_417;E_418;E_419;E_420;E_421;E_422;E_423,False,False,True,True,True,False,True,True,6opc,cryo-EM,3.7,2019
8bq2_1.pdb_8bq2_1_ATP_R.pdb,1,8gyk_1.pdb_8gyk_1_ADP_Q.pdb,8gyk_1.pdb_8gyk_1_ADP_Q.pdb,B_293;B_294;B_295;B_296;B_314;B_315;C_127;C_128;C_129;C_130;C_131;C_132;C_133;C_134;C_135;C_136;C_137;C_138;C_163;C_165;C_170;C_173;C_222;C_223;C_266;C_267;C_268;C_302;C_304;C_307;C_308;C_310;C_329;C_330;C_331;C_332;C_333,False,True,True,True,True,True,False,False,8bq2,cryo-EM,3.8,2022
8gyk_1.pdb_8gyk_1_ADP_S.pdb,0,8gyk_1.pdb_8gyk_1_ADP_Q.pdb,8gyk_1.pdb_8gyk_1_ADP_Q.pdb,E_293;E_294;E_295;E_296;E_314;E_315;F_127;F_128;F_129;F_130;F_131;F_132;F_133;F_134;F_135;F_136;F_137;F_138;F_163;F_165;F_170;F_173;F_222;F_223;F_266;F_267;F_268;F_302;F_304;F_307;F_308;F_310;F_329;F_330;F_331;F_332;F_333,True,True,False,True,True,True,False,False,8gyk,cryo-EM,3.14,2022
8pbc_1.pdb_8pbc_1_ATP_AA.pdb,1,8gyk_1.pdb_8gyk_1_ADP_Q.pdb,8gyk_1.pdb_8gyk_1_ADP_Q.pdb,A_293;A_294;A_295;A_296;A_314;A_315;B_127;B_128;B_129;B_130;B_131;B_132;B_133;B_134;B_135;B_136;B_137;B_138;B_163;B_165;B_170;B_173;B_222;B_223;B_266;B_267;B_268;B_302;B_304;B_307;B_308;B_310;B_329;B_330;B_331;B_332;B_333,False,True,True,True,True,True,False,False,8pbc,cryo-EM,2.61,2023
8pbc_1.pdb_8pbc_1_ATP_DA.pdb,1,8gyk_1.pdb_8gyk_1_ADP_Q.pdb,8gyk_1.pdb_8gyk_1_ADP_Q.pdb,B_293;B_294;B_295;B_296;B_314;B_315;C_127;C_128;C_129;C_130;C_131;C_132;C_133;C_134;C_135;C_136;C_137;C_138;C_163;C_165;C_170;C_173;C_222;C_223;C_266;C_267;C_268;C_302;C_304;C_307;C_308;C_310;C_329;C_330;C_331;C_332;C_333,False,True,True,True,True,True,False,False,8pbc,cryo-EM,2.61,2023
8pbd_1.pdb_8pbd_1_ATP_FA.pdb,1,8gyk_1.pdb_8gyk_1_ADP_Q.pdb,8gyk_1.pdb_8gyk_1_ADP_Q.pdb,C_293;C_294;C_295;C_296;C_314;C_315;D_127;D_128;D_129;D_130;D_131;D_132;D_133;D_134;D_135;D_136;D_137;D_138;D_163;D_165;D_170;D_173;D_222;D_223;D_266;D_267;D_268;D_302;D_304;D_307;D_308;D_310;D_329;D_330;D_331;D_332;D_333,False,True,True,True,True,True,False,False,8pbd,cryo-EM,2.83,2023
8pbd_1.pdb_8pbd_1_ATP_IA.pdb,1,8gyk_1.pdb_8gyk_1_ADP_Q.pdb,8gyk_1.pdb_8gyk_1_ADP_Q.pdb,D_293;D_294;D_295;D_296;D_314;D_315;E_127;E_128;E_129;E_130;E_131;E_132;E_133;E_134;E_135;E_136;E_137;E_138;E_163;E_165;E_170;E_173;E_222;E_223;E_266;E_267;E_268;E_302;E_304;E_307;E_308;E_310;E_329;E_330;E_331;E_332;E_333,False,True,True,True,True,True,False,False,8pbd,cryo-EM,2.83,2023
8pbd_1.pdb_8pbd_1_ATP_OA.pdb,1,8gyk_1.pdb_8gyk_1_ADP_Q.pdb,8gyk_1.pdb_8gyk_1_ADP_Q.pdb,F_293;F_294;F_295;F_296;F_314;F_315;G_127;G_128;G_129;G_130;G_131;G_132;G_133;G_134;G_135;G_136;G_137;G_138;G_163;G_165;G_170;G_173;G_222;G_223;G_266;G_267;G_268;G_302;G_304;G_307;G_308;G_310;G_329;G_330;G_331;G_332;G_333,False,True,True,True,True,True,False,False,8pbd,cryo-EM,2.83,2023
8pbd_1.pdb_8pbd_1_ATP_RA.pdb,1,8gyk_1.pdb_8gyk_1_ADP_Q.pdb,8gyk_1.pdb_8gyk_1_ADP_Q.pdb,G_293;G_294;G_295;G_296;G_314;G_315;H_127;H_128;H_129;H_130;H_131;H_132;H_133;H_134;H_135;H_136;H_137;H_138;H_163;H_165;H_170;H_173;H_222;H_223;H_266;H_267;H_268;H_302;H_304;H_307;H_308;H_310;H_329;H_330;H_331;H_332;H_333,False,True,True,True,True,True,False,False,8pbd,cryo-EM,2.83,2023
8omo_1.pdb_8omo_1_ATP_C.pdb,1,8oma_1.pdb_8oma_1_ATP_F.pdb,8oma_1.pdb_8oma_1_ATP_F.pdb,A_637;A_638;A_639;A_642;A_647;A_648;A_649;A_650;A_651;A_652;A_653;A_669;A_670;A_671;A_672;A_673;A_674;A_675;A_676;A_677;A_678;A_679;A_680;A_681;A_748;A_749;A_781;A_782;A_783;A_802;A_813;A_814;A_815;A_816;B_950;B_980;B_981,True,True,True,True,True,True,False,True,8omo,cryo-EM,3.43,2023
8omo_1.pdb_8omo_1_ATP_E.pdb,1,8oma_1.pdb_8oma_1_ATP_F.pdb,8oma_1.pdb_8oma_1_ATP_F.pdb,A_724;A_753;A_754;B_1008;B_1010;B_1030;B_1055;B_1056;B_1057;B_1058;B_862;B_863;B_864;B_867;B_871;B_876;B_877;B_878;B_879;B_880;B_896;B_897;B_898;B_899;B_900;B_901;B_902;B_903;B_904;B_905;B_906;B_907;B_908;B_939;B_975;B_976;B_979,True,True,False,True,True,True,False,False,8omo,cryo-EM,3.43,2023
8om5_1.pdb_8om5_1_ADP_E.pdb,0,8oma_1.pdb_8oma_1_ATP_F.pdb,8oma_1.pdb_8oma_1_ATP_F.pdb,A_724;A_753;A_754;B_1008;B_1010;B_1030;B_1055;B_1056;B_1057;B_1058;B_862;B_863;B_864;B_867;B_871;B_876;B_877;B_878;B_879;B_880;B_896;B_897;B_898;B_899;B_900;B_901;B_902;B_903;B_904;B_905;B_906;B_907;B_908;B_939;B_975;B_976;B_979,True,True,False,True,True,True,False,False,8om5,cryo-EM,3.52,2023
6az0_1.pdb_6az0_1_ATP_K.pdb,1,6az0_1.pdb_6az0_1_ATP_S.pdb,6az0_1.pdb_6az0_1_ATP_S.pdb,B_282;B_283;B_284;B_285;B_286;B_321;B_322;B_323;B_324;B_325;B_326;B_327;B_328;B_329;B_330;B_332;B_378;B_380;B_381;B_422;B_424;B_445;B_448;B_452;B_455;B_456;B_459;B_460;B_483;B_484;B_485;B_486;B_487;B_488;B_489;C_436,True,True,True,True,False,False,False,False,6az0,cryo-EM,3.4,2017
6az0_1.pdb_6az0_1_ATP_S.pdb,1,6az0_1.pdb_6az0_1_ATP_S.pdb,6az0_1.pdb_6az0_1_ATP_S.pdb,D_281;D_282;D_283;D_284;D_285;D_286;D_290;D_321;D_322;D_323;D_324;D_325;D_326;D_327;D_328;D_329;D_330;D_332;D_380;D_381;D_422;D_424;D_445;D_448;D_452;D_455;D_456;D_459;D_460;D_483;D_484;D_485;D_486;D_488;D_489;E_436,True,True,False,True,False,False,False,False,6az0,cryo-EM,3.4,2017
7ksl_1.pdb_7ksl_1_ADP_G.pdb,0,7ksl_1.pdb_7ksl_1_ADP_H.pdb,7ksl_1.pdb_7ksl_1_ADP_H.pdb,B_490;B_491;B_492;B_493;B_494;B_498;B_521;B_522;B_523;B_524;B_525;B_526;B_527;B_528;B_529;B_530;B_531;B_532;B_533;B_638;B_639;B_640;B_658;B_659;B_661;B_668;B_669;B_670;B_672;B_673;B_674;B_677;B_708;B_709;B_710;B_713,False,False,False,True,False,False,False,False,7ksl,cryo-EM,3.5,2020
8bq2_1.pdb_8bq2_1_ATP_GA.pdb,1,8gyk_1.pdb_8gyk_1_ADP_Q.pdb,8gyk_1.pdb_8gyk_1_ADP_Q.pdb,G_293;G_294;G_295;G_296;G_315;H_127;H_128;H_129;H_130;H_131;H_132;H_133;H_134;H_135;H_136;H_137;H_138;H_163;H_165;H_170;H_173;H_222;H_223;H_266;H_267;H_268;H_302;H_304;H_307;H_308;H_310;H_329;H_330;H_331;H_332;H_333,False,True,True,True,True,True,False,False,8bq2,cryo-EM,3.8,2022
8gyk_1.pdb_8gyk_1_ADP_K.pdb,0,8gyk_1.pdb_8gyk_1_ADP_Q.pdb,8gyk_1.pdb_8gyk_1_ADP_Q.pdb,A_293;A_294;A_295;A_296;A_315;B_127;B_128;B_129;B_130;B_131;B_132;B_133;B_134;B_135;B_136;B_137;B_138;B_163;B_165;B_170;B_173;B_222;B_223;B_266;B_267;B_268;B_302;B_304;B_307;B_308;B_310;B_329;B_330;B_331;B_332;B_333,True,True,False,True,True,True,False,False,8gyk,cryo-EM,3.14,2022
8kg9_1.pdb_8kg9_1_ADP_V.pdb,0,8kg9_1.pdb_8kg9_1_ADP_V.pdb,8kg9_1.pdb_8kg9_1_ADP_V.pdb,B_370;B_371;B_372;B_373;B_374;B_409;B_410;B_411;B_412;B_413;B_414;B_415;B_416;B_417;B_418;B_473;B_474;B_515;B_517;B_549;B_551;B_557;B_561;B_564;B_565;B_568;B_569;D_404;D_405;D_406;D_407;D_494;D_498;D_499;D_549;D_650,True,True,False,True,True,True,False,False,8kg9,cryo-EM,4.52,2023
8oma_1.pdb_8oma_1_ATP_F.pdb,1,8oma_1.pdb_8oma_1_ATP_F.pdb,8oma_1.pdb_8oma_1_ATP_F.pdb,A_724;A_753;A_754;B_1008;B_1010;B_1030;B_1056;B_1057;B_1058;B_864;B_867;B_870;B_871;B_876;B_877;B_878;B_879;B_880;B_895;B_896;B_897;B_898;B_899;B_900;B_901;B_902;B_903;B_904;B_905;B_906;B_907;B_908;B_939;B_975;B_976;B_979,True,True,True,True,True,True,False,False,8oma,cryo-EM,3.29,2023
6az0_1.pdb_6az0_1_ATP_N.pdb,1,6az0_1.pdb_6az0_1_ATP_S.pdb,6az0_1.pdb_6az0_1_ATP_S.pdb,C_282;C_283;C_284;C_285;C_286;C_321;C_322;C_323;C_324;C_325;C_326;C_327;C_328;C_329;C_330;C_332;C_380;C_381;C_422;C_424;C_445;C_446;C_448;C_452;C_455;C_456;C_459;C_460;C_483;C_484;C_485;C_486;C_488;C_489;D_436,True,True,False,True,False,False,False,False,6az0,cryo-EM,3.4,2017
7dy2_1.pdb_7dy2_1_ADP_M.pdb,0,7dy1_1.pdb_7dy1_1_ATP_G.pdb,7dy1_1.pdb_7dy1_1_ATP_G.pdb,A_145;A_181;A_182;A_183;A_207;A_209;A_218;A_238;A_239;A_243;A_244;A_46;A_47;A_48;A_49;A_50;A_51;A_52;A_53;A_54;A_55;A_78;A_86;A_90;A_91;B_198;B_199;B_201;B_223;B_224;B_225;B_226;B_227;B_228;B_230,False,False,True,True,True,False,True,True,7dy2,X-ray,3.04,2021
7dy1_1.pdb_7dy1_1_ATP_AA.pdb,1,7dy1_1.pdb_7dy1_1_ATP_G.pdb,7dy1_1.pdb_7dy1_1_ATP_G.pdb,A_199;A_200;A_202;A_204;A_224;A_225;A_226;A_227;A_228;A_229;A_231;A_232;F_146;F_182;F_183;F_184;F_208;F_219;F_239;F_240;F_243;F_244;F_47;F_48;F_49;F_50;F_51;F_52;F_53;F_54;F_55;F_56;F_79;F_87;F_91,True,True,False,True,False,False,False,False,7dy1,X-ray,2.2,2021
7ksl_1.pdb_7ksl_1_ADP_J.pdb,0,7ksl_1.pdb_7ksl_1_ADP_H.pdb,7ksl_1.pdb_7ksl_1_ADP_H.pdb,D_651;D_652;E_491;E_492;E_493;E_498;E_522;E_523;E_524;E_525;E_526;E_527;E_528;E_529;E_530;E_531;E_532;E_533;E_590;E_638;E_639;E_640;E_658;E_659;E_661;E_665;E_668;E_669;E_670;E_674;E_677;E_708;E_709;E_710;E_713,False,False,False,True,False,False,False,False,7ksl,cryo-EM,3.5,2020
8bq2_1.pdb_8bq2_1_ATP_DA.pdb,1,8gyk_1.pdb_8gyk_1_ADP_Q.pdb,8gyk_1.pdb_8gyk_1_ADP_Q.pdb,F_293;F_294;F_296;F_297;F_315;G_127;G_128;G_129;G_130;G_131;G_132;G_133;G_134;G_135;G_136;G_137;G_138;G_163;G_165;G_169;G_170;G_173;G_222;G_223;G_266;G_267;G_268;G_302;G_304;G_310;G_329;G_330;G_331;G_332;G_333,False,True,True,True,True,True,False,False,8bq2,cryo-EM,3.8,2022
8gyk_1.pdb_8gyk_1_ADP_M.pdb,0,8gyk_1.pdb_8gyk_1_ADP_Q.pdb,8gyk_1.pdb_8gyk_1_ADP_Q.pdb,B_293;B_294;B_296;B_297;B_315;C_127;C_128;C_129;C_130;C_131;C_132;C_133;C_134;C_135;C_136;C_137;C_138;C_163;C_165;C_169;C_170;C_173;C_222;C_223;C_266;C_267;C_268;C_302;C_304;C_310;C_329;C_330;C_331;C_332;C_333,True,True,False,True,True,True,False,False,8gyk,cryo-EM,3.14,2022
7dy2_1.pdb_7dy2_1_ADP_Z.pdb,0,7dy1_1.pdb_7dy1_1_ATP_G.pdb,7dy1_1.pdb_7dy1_1_ATP_G.pdb,E_145;E_146;E_181;E_182;E_183;E_207;E_209;E_218;E_238;E_243;E_244;E_46;E_47;E_48;E_49;E_50;E_51;E_53;E_54;E_55;E_86;E_89;E_90;F_198;F_199;F_201;F_202;F_222;F_223;F_226;F_227;F_228;F_230;F_232,False,False,False,True,True,False,True,False,7dy2,X-ray,3.04,2021
7dy2_1.pdb_7dy2_1_ATP_Q.pdb,1,7dy1_1.pdb_7dy1_1_ATP_G.pdb,7dy1_1.pdb_7dy1_1_ATP_G.pdb,B_146;B_181;B_183;B_207;B_209;B_218;B_238;B_240;B_243;B_44;B_45;B_46;B_47;B_48;B_49;B_50;B_51;B_53;B_54;B_55;B_56;B_86;B_87;B_91;E_222;E_224;E_225;E_226;E_227;E_228;E_229;E_230;E_231;E_232,False,False,True,True,True,False,True,True,7dy2,X-ray,3.04,2021
7dy2_1.pdb_7dy2_1_ADP_CA.pdb,0,7dy1_1.pdb_7dy1_1_ATP_G.pdb,7dy1_1.pdb_7dy1_1_ATP_G.pdb,C_222;C_224;C_225;C_226;C_227;C_228;C_229;C_230;C_231;C_232;F_146;F_181;F_183;F_207;F_209;F_218;F_238;F_240;F_243;F_44;F_45;F_46;F_47;F_48;F_49;F_50;F_51;F_53;F_54;F_55;F_56;F_86;F_87;F_91,False,False,True,True,True,False,True,True,7dy2,X-ray,3.04,2021
7dy2_1.pdb_7dy2_1_ATP_S.pdb,1,7dy1_1.pdb_7dy1_1_ATP_G.pdb,7dy1_1.pdb_7dy1_1_ATP_G.pdb,C_145;C_146;C_181;C_182;C_207;C_209;C_218;C_238;C_239;C_240;C_241;C_243;C_44;C_46;C_47;C_48;C_49;C_50;C_51;C_53;C_54;C_55;C_56;C_86;C_90;D_199;D_201;D_202;D_222;D_226;D_227;D_228;D_229;D_230,True,True,True,True,False,False,False,False,7dy2,X-ray,3.04,2021
8bq2_1.pdb_8bq2_1_ATP_AA.pdb,1,8gyk_1.pdb_8gyk_1_ADP_Q.pdb,8gyk_1.pdb_8gyk_1_ADP_Q.pdb,E_293;E_294;E_297;E_315;F_127;F_128;F_129;F_130;F_131;F_132;F_133;F_134;F_135;F_136;F_137;F_138;F_163;F_165;F_169;F_170;F_173;F_222;F_223;F_266;F_267;F_268;F_302;F_304;F_310;F_329;F_330;F_331;F_332;F_333,False,True,True,True,True,True,False,False,8bq2,cryo-EM,3.8,2022
8gyk_1.pdb_8gyk_1_ADP_U.pdb,0,8gyk_1.pdb_8gyk_1_ADP_Q.pdb,8gyk_1.pdb_8gyk_1_ADP_Q.pdb,F_293;F_294;F_297;F_315;G_127;G_128;G_129;G_130;G_131;G_132;G_133;G_134;G_135;G_136;G_137;G_138;G_163;G_165;G_169;G_170;G_173;G_222;G_223;G_266;G_267;G_268;G_302;G_304;G_310;G_329;G_330;G_331;G_332;G_333,True,True,False,True,True,True,False,False,8gyk,cryo-EM,3.14,2022
8bq2_1.pdb_8bq2_1_ATP_O.pdb,1,8gyk_1.pdb_8gyk_1_ADP_Q.pdb,8gyk_1.pdb_8gyk_1_ADP_Q.pdb,A_293;A_294;A_296;B_127;B_128;B_129;B_130;B_131;B_132;B_133;B_134;B_135;B_136;B_137;B_138;B_163;B_165;B_170;B_173;B_222;B_223;B_266;B_267;B_268;B_302;B_304;B_307;B_308;B_310;B_329;B_330;B_331;B_332;B_333,False,True,True,True,True,True,False,False,8bq2,cryo-EM,3.8,2022
8gyk_1.pdb_8gyk_1_ADP_W.pdb,0,8gyk_1.pdb_8gyk_1_ADP_Q.pdb,8gyk_1.pdb_8gyk_1_ADP_Q.pdb,G_293;G_294;G_296;H_127;H_128;H_129;H_130;H_131;H_132;H_133;H_134;H_135;H_136;H_137;H_138;H_163;H_165;H_170;H_173;H_222;H_223;H_266;H_267;H_268;H_302;H_304;H_307;H_308;H_310;H_329;H_330;H_331;H_332;H_333,True,True,False,True,True,True,False,False,8gyk,cryo-EM,3.14,2022
8pbc_1.pdb_8pbc_1_ATP_JA.pdb,1,8gyk_1.pdb_8gyk_1_ADP_Q.pdb,8gyk_1.pdb_8gyk_1_ADP_Q.pdb,D_293;D_294;D_296;E_127;E_128;E_129;E_130;E_131;E_132;E_133;E_134;E_135;E_136;E_137;E_138;E_163;E_165;E_170;E_173;E_222;E_223;E_266;E_267;E_268;E_302;E_304;E_307;E_308;E_310;E_329;E_330;E_331;E_332;E_333,False,True,True,True,True,True,False,False,8pbc,cryo-EM,2.61,2023
8pbc_1.pdb_8pbc_1_ATP_MA.pdb,1,8gyk_1.pdb_8gyk_1_ADP_Q.pdb,8gyk_1.pdb_8gyk_1_ADP_Q.pdb,E_293;E_294;E_296;E_297;E_315;F_127;F_128;F_129;F_130;F_131;F_132;F_133;F_134;F_135;F_136;F_137;F_138;F_163;F_165;F_170;F_173;F_222;F_223;F_266;F_267;F_268;F_302;F_304;F_310;F_329;F_330;F_331;F_332;F_333,False,True,True,True,True,True,False,False,8pbc,cryo-EM,2.61,2023
8pbc_1.pdb_8pbc_1_ATP_PA.pdb,1,8gyk_1.pdb_8gyk_1_ADP_Q.pdb,8gyk_1.pdb_8gyk_1_ADP_Q.pdb,F_293;F_294;F_296;F_297;F_315;G_127;G_128;G_129;G_130;G_131;G_132;G_133;G_134;G_135;G_136;G_137;G_138;G_163;G_165;G_170;G_173;G_222;G_223;G_266;G_267;G_268;G_302;G_304;G_310;G_329;G_330;G_331;G_332;G_333,False,True,True,True,True,True,False,False,8pbc,cryo-EM,2.61,2023
8pbc_1.pdb_8pbc_1_ATP_YA.pdb,1,8gyk_1.pdb_8gyk_1_ADP_Q.pdb,8gyk_1.pdb_8gyk_1_ADP_Q.pdb,I_293;I_294;I_296;J_127;J_128;J_129;J_130;J_131;J_132;J_133;J_134;J_135;J_136;J_137;J_138;J_163;J_165;J_170;J_173;J_222;J_223;J_266;J_267;J_268;J_302;J_304;J_307;J_308;J_310;J_329;J_330;J_331;J_332;J_333,False,True,True,True,True,True,False,False,8pbc,cryo-EM,2.61,2023
8pbd_1.pdb_8pbd_1_ATP_XA.pdb,1,8gyk_1.pdb_8gyk_1_ADP_Q.pdb,8gyk_1.pdb_8gyk_1_ADP_Q.pdb,I_293;I_294;I_296;I_297;I_315;J_127;J_128;J_129;J_130;J_131;J_132;J_133;J_134;J_135;J_136;J_137;J_138;J_163;J_165;J_170;J_173;J_222;J_223;J_266;J_267;J_268;J_302;J_304;J_310;J_329;J_330;J_331;J_332;J_333,False,True,True,True,True,True,False,False,8pbd,cryo-EM,2.83,2023
8hwe_1.pdb_8hwe_1_ATP_N.pdb,1,8hwe_1.pdb_8hwe_1_ATP_I.pdb,8hwe_1.pdb_8hwe_1_ATP_I.pdb,C_575;C_617;C_619;C_620;C_685;E_460;E_461;E_462;E_463;E_464;E_465;E_466;E_467;E_468;E_469;E_501;E_503;E_504;E_505;E_506;E_507;E_508;E_509;E_510;E_511;E_512;E_513;E_514;E_515;E_603;E_604;E_605;E_626;E_628,True,True,True,True,False,False,False,False,8hwe,cryo-EM,3.3,2022
8hwe_1.pdb_8hwe_1_ADP_K.pdb,0,8hwe_1.pdb_8hwe_1_ATP_I.pdb,8hwe_1.pdb_8hwe_1_ATP_I.pdb,C_460;C_461;C_462;C_463;C_464;C_465;C_466;C_467;C_468;C_469;C_501;C_503;C_504;C_505;C_506;C_507;C_508;C_509;C_510;C_511;C_512;C_513;C_514;C_515;C_603;C_604;C_605;C_626;C_628;D_575;D_617;D_619;D_620;D_685,False,False,False,True,False,False,False,False,8hwe,cryo-EM,3.3,2022
2o8e_1.pdb_2o8e_1_ADP_F.pdb,0,8oma_1.pdb_8oma_1_ATP_F.pdb,8oma_1.pdb_8oma_1_ATP_F.pdb,A_637;A_642;A_643;A_645;A_647;A_648;A_649;A_650;A_651;A_652;A_653;A_667;A_669;A_670;A_671;A_672;A_673;A_674;A_675;A_676;A_677;A_678;A_679;A_680;A_681;A_748;A_749;A_781;A_782;A_802;A_813;A_814;A_815;A_816,True,True,True,True,False,False,False,False,2o8e,X-ray,3.3,2006
8hwe_1.pdb_8hwe_1_ATP_L.pdb,1,8hwe_1.pdb_8hwe_1_ATP_I.pdb,8hwe_1.pdb_8hwe_1_ATP_I.pdb,D_460;D_461;D_463;D_464;D_465;D_466;D_467;D_468;D_469;D_501;D_503;D_504;D_505;D_506;D_507;D_508;D_509;D_510;D_511;D_512;D_513;D_514;D_515;D_603;D_604;D_605;D_626;D_628;F_575;F_617;F_619;F_620;F_685,True,True,True,True,False,False,False,False,8hwe,cryo-EM,3.3,2022
8bq2_1.pdb_8bq2_1_ATP_U.pdb,1,8gyk_1.pdb_8gyk_1_ADP_Q.pdb,8gyk_1.pdb_8gyk_1_ADP_Q.pdb,D_127;D_128;D_129;D_130;D_131;D_132;D_133;D_134;D_135;D_136;D_137;D_138;D_163;D_165;D_169;D_170;D_173;D_222;D_223;D_266;D_267;D_268;D_302;D_304;D_307;D_308;D_310;D_329;D_330;D_331;D_332;D_333,False,True,True,True,True,True,False,False,8bq2,cryo-EM,3.8,2022
8gyk_1.pdb_8gyk_1_ADP_I.pdb,0,8gyk_1.pdb_8gyk_1_ADP_Q.pdb,8gyk_1.pdb_8gyk_1_ADP_Q.pdb,A_127;A_128;A_129;A_130;A_131;A_132;A_133;A_134;A_135;A_136;A_137;A_138;A_163;A_165;A_169;A_170;A_173;A_222;A_223;A_266;A_267;A_268;A_302;A_304;A_307;A_308;A_310;A_329;A_330;A_331;A_332;A_333,True,True,False,True,True,True,False,False,8gyk,cryo-EM,3.14,2022
8bq2_1.pdb_8bq2_1_ATP_X.pdb,1,8gyk_1.pdb_8gyk_1_ADP_Q.pdb,8gyk_1.pdb_8gyk_1_ADP_Q.pdb,E_127;E_128;E_129;E_130;E_131;E_132;E_133;E_134;E_135;E_136;E_137;E_138;E_163;E_165;E_169;E_170;E_173;E_222;E_223;E_266;E_267;E_268;E_302;E_304;E_307;E_308;E_310;E_329;E_330;E_331;E_332;E_333,False,True,True,True,True,True,False,False,8bq2,cryo-EM,3.8,2022
8hwe_1.pdb_8hwe_1_ATP_P.pdb,1,8hwe_1.pdb_8hwe_1_ATP_I.pdb,8hwe_1.pdb_8hwe_1_ATP_I.pdb,B_575;B_579;B_617;B_619;B_620;B_685;F_460;F_461;F_463;F_464;F_465;F_466;F_467;F_468;F_501;F_503;F_504;F_505;F_506;F_507;F_508;F_509;F_510;F_511;F_512;F_513;F_514;F_603;F_604;F_605;F_626;F_628,True,True,True,True,False,False,False,False,8hwe,cryo-EM,3.3,2022
7dy2_1.pdb_7dy2_1_ADP_W.pdb,0,7dy1_1.pdb_7dy1_1_ATP_G.pdb,7dy1_1.pdb_7dy1_1_ATP_G.pdb,A_198;A_222;A_223;A_224;A_225;A_227;A_228;A_230;A_232;D_145;D_146;D_181;D_182;D_207;D_209;D_218;D_238;D_239;D_243;D_46;D_47;D_48;D_49;D_50;D_51;D_53;D_54;D_55;D_86;D_90;D_91,False,False,False,True,False,False,False,False,7dy2,X-ray,3.04,2021
8pbc_1.pdb_8pbc_1_ATP_BB.pdb,1,8gyk_1.pdb_8gyk_1_ADP_Q.pdb,8gyk_1.pdb_8gyk_1_ADP_Q.pdb,K_127;K_128;K_129;K_130;K_131;K_132;K_133;K_134;K_135;K_136;K_137;K_138;K_163;K_165;K_170;K_173;K_222;K_223;K_266;K_267;K_268;K_302;K_304;K_307;K_308;K_310;K_329;K_330;K_331;K_332;K_333,False,True,True,True,True,True,False,False,8pbc,cryo-EM,2.61,2023
8pbd_1.pdb_8pbd_1_ATP_UA.pdb,1,8gyk_1.pdb_8gyk_1_ADP_Q.pdb,8gyk_1.pdb_8gyk_1_ADP_Q.pdb,I_127;I_128;I_129;I_130;I_131;I_132;I_133;I_134;I_135;I_136;I_137;I_138;I_163;I_165;I_170;I_173;I_222;I_223;I_266;I_267;I_268;I_302;I_304;I_307;I_308;I_310;I_329;I_330;I_331;I_332;I_333,False,True,True,True,True,True,False,False,8pbd,cryo-EM,2.83,2023
8hwe_1.pdb_8hwe_1_ATP_G.pdb,1,8hwe_1.pdb_8hwe_1_ATP_I.pdb,8hwe_1.pdb_8hwe_1_ATP_I.pdb,A_460;A_461;A_463;A_464;A_465;A_466;A_467;A_468;A_503;A_504;A_505;A_506;A_507;A_508;A_509;A_510;A_511;A_512;A_513;A_514;A_603;A_604;A_605;A_626;A_628;E_575;E_579;E_617;E_619;E_620;E_685,True,True,True,True,False,False,False,False,8hwe,cryo-EM,3.3,2022
4bs1_1.pdb_4bs1_1_ADP_D2.pdb,0,4bs1_1.pdb_4bs1_1_ADP_C6.pdb,4bs1_1.pdb_4bs1_1_ADP_C6.pdb,B_293;B_294;B_295;D_138;D_139;D_140;D_141;D_142;D_146;D_165;D_166;D_167;D_168;D_169;D_170;D_171;D_172;D_173;D_174;D_175;D_176;D_177;D_178;D_236;D_238;D_278;D_279;D_280;D_281;D_307,False,False,False,True,False,False,False,False,4bs1,cryo-EM,18.0,2013
4bs1_1.pdb_4bs1_1_ADP_D3.pdb,0,4bs1_1.pdb_4bs1_1_ADP_C6.pdb,4bs1_1.pdb_4bs1_1_ADP_C6.pdb,D_293;D_294;D_295;F_138;F_139;F_140;F_141;F_142;F_146;F_165;F_166;F_167;F_168;F_169;F_170;F_171;F_172;F_173;F_174;F_175;F_176;F_177;F_178;F_236;F_238;F_278;F_279;F_280;F_281;F_307,False,False,False,True,False,False,False,False,4bs1,cryo-EM,18.0,2013
4bs1_1.pdb_4bs1_1_ADP_D4.pdb,0,4bs1_1.pdb_4bs1_1_ADP_C6.pdb,4bs1_1.pdb_4bs1_1_ADP_C6.pdb,F_293;F_294;F_295;H_138;H_139;H_140;H_141;H_142;H_146;H_165;H_166;H_167;H_168;H_169;H_170;H_171;H_172;H_173;H_174;H_175;H_176;H_177;H_178;H_236;H_238;H_278;H_279;H_280;H_281;H_307,False,False,False,True,False,False,False,False,4bs1,cryo-EM,18.0,2013
4bs1_1.pdb_4bs1_1_ADP_D5.pdb,0,4bs1_1.pdb_4bs1_1_ADP_C6.pdb,4bs1_1.pdb_4bs1_1_ADP_C6.pdb,H_293;H_294;H_295;J_138;J_139;J_140;J_141;J_142;J_146;J_165;J_166;J_167;J_168;J_169;J_170;J_171;J_172;J_173;J_174;J_175;J_176;J_177;J_178;J_236;J_238;J_278;J_279;J_280;J_281;J_307,False,False,False,True,False,False,False,False,4bs1,cryo-EM,18.0,2013
4bs1_1.pdb_4bs1_1_ADP_D6.pdb,0,4bs1_1.pdb_4bs1_1_ADP_C6.pdb,4bs1_1.pdb_4bs1_1_ADP_C6.pdb,J_293;J_294;J_295;L_138;L_139;L_140;L_141;L_142;L_146;L_165;L_166;L_167;L_168;L_169;L_170;L_171;L_172;L_173;L_174;L_175;L_176;L_177;L_178;L_236;L_238;L_278;L_279;L_280;L_281;L_307,False,False,False,True,False,False,False,False,4bs1,cryo-EM,18.0,2013
3m0e_1.pdb_3m0e_1_ATP_L.pdb,1,4bs1_1.pdb_4bs1_1_ADP_C6.pdb,4bs1_1.pdb_4bs1_1_ADP_C6.pdb,C_138;C_139;C_140;C_141;C_142;C_146;C_165;C_166;C_167;C_168;C_169;C_170;C_171;C_172;C_173;C_174;C_175;C_176;C_177;C_178;C_236;C_238;C_278;C_279;C_280;C_281;C_307;D_293;D_294;D_295,True,True,False,True,False,False,False,False,3m0e,X-ray,2.63,2010
3m0e_1.pdb_3m0e_1_ATP_N.pdb,1,4bs1_1.pdb_4bs1_1_ADP_C6.pdb,4bs1_1.pdb_4bs1_1_ADP_C6.pdb,D_138;D_139;D_140;D_141;D_142;D_146;D_165;D_166;D_167;D_168;D_169;D_170;D_171;D_172;D_173;D_174;D_175;D_176;D_177;D_178;D_236;D_238;D_278;D_279;D_280;D_281;D_307;E_293;E_294;E_295,True,True,False,True,False,False,False,False,3m0e,X-ray,2.63,2010
7ksl_1.pdb_7ksl_1_ADP_F.pdb,0,7ksl_1.pdb_7ksl_1_ADP_H.pdb,7ksl_1.pdb_7ksl_1_ADP_H.pdb,A_491;A_492;A_493;A_494;A_498;A_521;A_523;A_524;A_525;A_526;A_527;A_528;A_529;A_530;A_531;A_532;A_533;A_638;A_639;A_658;A_659;A_661;A_668;A_670;A_672;A_673;A_674;A_708;A_709;A_713,False,False,False,True,False,False,False,False,7ksl,cryo-EM,3.5,2020
1q12_2.pdb_1q12_2_ATP_G.pdb,1,2awn_2.pdb_2awn_2_ADP_J.pdb,2awn_2.pdb_2awn_2_ADP_J.pdb,A_11;A_12;A_13;A_14;A_158;A_159;A_16;A_17;A_18;A_19;A_190;A_191;A_192;A_207;A_35;A_36;A_37;A_38;A_39;A_40;A_41;A_42;A_43;A_44;A_45;A_46;A_47;A_53;B_165,False,False,True,True,False,False,False,False,1q12,X-ray,2.6,2003
2awn_2.pdb_2awn_2_ADP_L.pdb,0,2awn_2.pdb_2awn_2_ADP_J.pdb,2awn_2.pdb_2awn_2_ADP_J.pdb,A_165;B_11;B_12;B_13;B_14;B_158;B_159;B_16;B_17;B_18;B_19;B_190;B_191;B_192;B_207;B_35;B_36;B_37;B_38;B_39;B_40;B_41;B_42;B_43;B_44;B_45;B_46;B_47;B_53,True,True,False,True,False,False,False,False,2awn,X-ray,2.3,2005
1q12_2.pdb_1q12_2_ATP_H.pdb,1,2awn_2.pdb_2awn_2_ADP_J.pdb,2awn_2.pdb_2awn_2_ADP_J.pdb,A_165;B_12;B_13;B_14;B_158;B_159;B_16;B_17;B_18;B_19;B_190;B_191;B_192;B_207;B_210;B_35;B_36;B_37;B_38;B_39;B_40;B_41;B_42;B_43;B_44;B_45;B_46;B_47;B_53,False,False,True,True,False,False,False,False,1q12,X-ray,2.6,2003
5jwq_1.pdb_5jwq_1_ADP_F1.pdb,0,7dy1_1.pdb_7dy1_1_ATP_G.pdb,7dy1_1.pdb_7dy1_1_ATP_G.pdb,C_147;C_182;C_208;C_210;C_219;C_239;C_240;C_243;C_244;C_46;C_47;C_48;C_49;C_50;C_51;C_52;C_53;C_54;C_56;C_79;C_87;C_88;I_224;I_225;I_226;I_227;I_228;I_229;I_231,False,False,True,True,True,False,True,True,5jwq,X-ray,3.87,2016
4bs1_1.pdb_4bs1_1_ADP_D1.pdb,0,4bs1_1.pdb_4bs1_1_ADP_C6.pdb,4bs1_1.pdb_4bs1_1_ADP_C6.pdb,B_138;B_139;B_140;B_141;B_142;B_146;B_165;B_166;B_167;B_168;B_169;B_170;B_171;B_172;B_173;B_174;B_175;B_176;B_177;B_178;B_236;B_238;B_278;B_279;B_280;B_281;B_307,False,False,False,True,False,False,False,False,4bs1,cryo-EM,18.0,2013
7xjp_1.pdb_7xjp_1_ATP_E.pdb,1,7xjp_1.pdb_7xjp_1_ATP_E.pdb,7xjp_1.pdb_7xjp_1_ATP_E.pdb,A_425;A_429;A_433;A_436;A_437;A_440;A_469;A_472;A_473;A_476;A_477;A_478;A_479;A_480;A_481;A_482;A_483;A_484;A_485;A_488;A_489;A_490;A_491;A_492;A_493;A_494;A_495,False,False,False,True,True,False,True,False,7xjp,cryo-EM,2.71,2022
7xey_1.pdb_7xey_1_ADP_C.pdb,0,7xjp_1.pdb_7xjp_1_ATP_E.pdb,7xjp_1.pdb_7xjp_1_ATP_E.pdb,A_425;A_429;A_433;A_436;A_437;A_440;A_469;A_472;A_473;A_476;A_477;A_478;A_479;A_480;A_481;A_482;A_483;A_484;A_485;A_488;A_489;A_490;A_491;A_492;A_493;A_494;A_495,False,False,False,True,True,False,True,False,7xey,X-ray,2.29,2022
7p50_1.pdb_7p50_1_ATP_F.pdb,1,5l9n_1.pdb_5l9n_1_ATP_B3.pdb,5l9n_1.pdb_5l9n_1_ATP_B3.pdb,B_101;B_102;B_103;B_104;B_106;B_111;B_2;B_26;B_27;B_28;B_29;B_3;B_30;B_4;B_62;B_63;B_64;B_65;B_99,True,True,True,True,False,False,False,False,7p50,not recorded,1.16,2021
